1,-21,-21
2,-21,-21
3,-21,-21
4,-21,-21
5,-21,-21
6,-20,-20.99
7,-21,-20.9901
8,-21,-20.990199
9,-21,-20.99029701
10,-20,-20.98039404
11,-20,-20.9705901
12,-20,-20.9608842
13,-21,-20.96127536
14,-21,-20.9616626
15,-20,-20.95204598
16,-20,-20.94252552
17,-21,-20.94310026
18,-20,-20.93366926
19,-20,-20.92433257
20,-20,-20.91508924
21,-21,-20.91593835
22,-21,-20.91677897
23,-20,-20.90761118
24,-20,-20.89853506
25,-20,-20.88954971
26,-20,-20.88065422
27,-20,-20.87184767
28,-21,-20.8731292
29,-20,-20.86439791
30,-21,-20.86575393
31,-19,-20.84709639
32,-21,-20.84862542
33,-20,-20.84013917
34,-20,-20.83173778
35,-21,-20.8334204
36,-20,-20.8250862
37,-20,-20.81683533
38,-18,-20.78866698
39,-21,-20.79078031
40,-21,-20.79287251
41,-21,-20.79494378
42,-20,-20.78699434
43,-20,-20.7791244
44,-20,-20.77133316
45,-20,-20.76361983
46,-19,-20.74598363
47,-20,-20.73852379
48,-21,-20.74113855
49,-21,-20.74372717
50,-21,-20.7462899
51,-20,-20.738827
52,-20,-20.73143873
53,-21,-20.73412434
54,-21,-20.7367831
55,-18,-20.70941527
56,-20,-20.70232111
57,-21,-20.7052979
58,-20,-20.69824492
59,-19,-20.68126247
60,-20,-20.67444985
61,-21,-20.67770535
62,-21,-20.6809283
63,-21,-20.68411901
64,-20,-20.67727782
65,-21,-20.68050504
66,-21,-20.68369999
67,-20,-20.67686299
68,-21,-20.68009436
69,-20,-20.67329342
70,-20,-20.66656049
71,-20,-20.65989488
72,-21,-20.66329593
73,-20,-20.65666297
74,-20,-20.65009634
75,-21,-20.65359538
76,-21,-20.65705943
77,-21,-20.66048883
78,-21,-20.66388394
79,-19,-20.6472451
80,-20,-20.64077265
81,-21,-20.64436493
82,-20,-20.63792128
83,-20,-20.63154207
84,-21,-20.63522664
85,-20,-20.62887438
86,-21,-20.63258563
87,-20,-20.62625978
88,-21,-20.62999718
89,-20,-20.62369721
90,-20,-20.61746024
91,-21,-20.62128563
92,-21,-20.62507278
93,-20,-20.61882205
94,-21,-20.62263383
95,-20,-20.61640749
96,-20,-20.61024342
97,-20,-20.60414098
98,-21,-20.60809957
99,-18,-20.58201858
100,-17,-20.54619839
101,-20,-20.54073641
102,-20,-20.53532904
103,-20,-20.52997575
104,-20,-20.52467599
105,-20,-20.51942923
106,-21,-20.52423494
107,-21,-20.52899259
108,-21,-20.53370267
109,-21,-20.53836564
110,-20,-20.53298198
111,-20,-20.52765216
112,-21,-20.53237564
113,-21,-20.53705189
114,-21,-20.54168137
115,-20,-20.53626455
116,-21,-20.54090191
117,-21,-20.54549289
118,-21,-20.55003796
119,-21,-20.55453758
120,-21,-20.5589922
121,-20,-20.55340228
122,-21,-20.55786826
123,-20,-20.55228958
124,-21,-20.55676668
125,-21,-20.56119901
126,-21,-20.56558702
127,-21,-20.56993115
128,-19,-20.55423184
129,-21,-20.55868952
130,-21,-20.56310263
131,-21,-20.5674716
132,-21,-20.57179689
133,-21,-20.57607892
134,-21,-20.58031813
135,-20,-20.57451495
136,-20,-20.5687698
137,-20,-20.5630821
138,-20,-20.55745128
139,-21,-20.56187677
140,-21,-20.566258
141,-21,-20.57059542
142,-20,-20.56488946
143,-21,-20.56924057
144,-21,-20.57354816
145,-20,-20.56781268
146,-21,-20.57213456
147,-18,-20.54641321
148,-19,-20.53094908
149,-21,-20.53563959
150,-21,-20.54028319
151,-20,-20.53488036
152,-20,-20.52953156
153,-19,-20.51423624
154,-21,-20.51909388
155,-21,-20.52390294
156,-20,-20.51866391
157,-21,-20.52347727
158,-21,-20.5282425
159,-21,-20.53296007
160,-21,-20.53763047
161,-21,-20.54225417
162,-20,-20.53683163
163,-20,-20.53146331
164,-21,-20.53614868
165,-21,-20.54078719
166,-21,-20.54537932
167,-20,-20.53992552
168,-21,-20.54452627
169,-21,-20.54908101
170,-21,-20.5535902
171,-21,-20.55805429
172,-20,-20.55247375
173,-21,-20.55694901
174,-21,-20.56137952
175,-21,-20.56576573
176,-21,-20.57010807
177,-21,-20.57440699
178,-21,-20.57866292
179,-20,-20.57287629
180,-20,-20.56714753
181,-19,-20.55147605
182,-21,-20.55596129
183,-20,-20.55040168
184,-20,-20.54489766
185,-21,-20.54944869
186,-21,-20.5539542
187,-20,-20.54841466
188,-20,-20.54293051
189,-19,-20.52750121
190,-21,-20.53222619
191,-21,-20.53690393
192,-20,-20.53153489
193,-20,-20.52621954
194,-20,-20.52095735
195,-21,-20.52574777
196,-21,-20.5304903
197,-21,-20.53518539
198,-20,-20.52983354
199,-20,-20.5245352
200,-20,-20.51928985
201,-21,-20.52409695
202,-21,-20.52885598
203,-19,-20.51356742
204,-20,-20.50843175
205,-20,-20.50334743
206,-21,-20.50831396
207,-21,-20.51323082
208,-19,-20.49809851
209,-20,-20.49311753
210,-21,-20.49818635
211,-21,-20.50320449
212,-19,-20.48817244
213,-17,-20.45329072
214,-21,-20.45875781
215,-20,-20.45417023
216,-21,-20.45962853
217,-20,-20.45503224
218,-20,-20.45048192
219,-19,-20.4359771
220,-21,-20.44161733
221,-19,-20.42720116
222,-20,-20.42292915
223,-20,-20.41869986
224,-21,-20.42451286
225,-20,-20.42026773
226,-19,-20.40606505
227,-20,-20.4020044
228,-20,-20.39798436
229,-20,-20.39400451
230,-19,-20.38006447
231,-21,-20.38626382
232,-18,-20.36240119
233,-20,-20.35877717
234,-21,-20.3651894
235,-21,-20.37153751
236,-21,-20.37782213
237,-21,-20.38404391
238,-21,-20.39020347
239,-20,-20.38630144
240,-21,-20.39243842
241,-21,-20.39851404
242,-21,-20.4045289
243,-19,-20.39048361
244,-19,-20.37657877
245,-20,-20.37281299
246,-21,-20.37908486
247,-20,-20.37529401
248,-21,-20.38154107
249,-21,-20.38772566
250,-21,-20.3938484
251,-21,-20.39990992
252,-21,-20.40591082
253,-21,-20.41185171
254,-21,-20.41773319
255,-20,-20.41355586
256,-21,-20.4194203
257,-20,-20.4152261
258,-21,-20.42107384
259,-21,-20.4268631
260,-21,-20.43259447
261,-20,-20.42826852
262,-21,-20.43398584
263,-19,-20.41964598
264,-20,-20.41544952
265,-21,-20.42129502
266,-18,-20.39708207
267,-20,-20.39311125
268,-19,-20.37918014
269,-19,-20.36538834
270,-19,-20.35173446
271,-18,-20.32821711
272,-21,-20.33493494
273,-21,-20.34158559
274,-21,-20.34816973
275,-20,-20.34468804
276,-21,-20.35124116
277,-20,-20.34772875
278,-20,-20.34425146
279,-21,-20.35080894
280,-21,-20.35730085
281,-20,-20.35372785
282,-21,-20.36019057
283,-18,-20.33658866
284,-20,-20.33322277
285,-21,-20.33989055
286,-21,-20.34649164
287,-18,-20.32302673
288,-19,-20.30979646
289,-19,-20.29669849
290,-21,-20.30373151
291,-21,-20.31069419
292,-21,-20.31758725
293,-20,-20.31441138
294,-21,-20.32126727
295,-19,-20.30805459
296,-21,-20.31497405
297,-19,-20.30182431
298,-21,-20.30880606
299,-19,-20.295718
300,-19,-20.28276082
301,-21,-20.28993321
302,-20,-20.28703388
303,-21,-20.29416354
304,-21,-20.30122191
305,-19,-20.28820969
306,-20,-20.28532759
307,-21,-20.29247432
308,-20,-20.28954957
309,-21,-20.29665408
310,-20,-20.29368754
311,-20,-20.29075066
312,-20,-20.28784315
313,-20,-20.28496472
314,-20,-20.28211508
315,-21,-20.28929392
316,-21,-20.29640099
317,-21,-20.30343698
318,-21,-20.31040261
319,-21,-20.31729858
320,-21,-20.32412559
321,-20,-20.32088434
322,-19,-20.30767549
323,-19,-20.29459874
324,-20,-20.29165275
325,-20,-20.28873622
326,-21,-20.29584886
327,-20,-20.29289037
328,-21,-20.29996147
329,-21,-20.30696186
330,-20,-20.30389224
331,-20,-20.30085331
332,-19,-20.28784478
333,-19,-20.27496633
334,-18,-20.25221667
335,-20,-20.2496945
336,-19,-20.23719756
337,-21,-20.24482558
338,-19,-20.23237733
339,-21,-20.24005355
340,-21,-20.24765302
341,-21,-20.25517649
342,-21,-20.26262472
343,-21,-20.26999848
344,-21,-20.27729849
345,-21,-20.28452551
346,-19,-20.27168025
347,-21,-20.27896345
348,-21,-20.28617381
349,-20,-20.28331208
350,-21,-20.29047896
351,-20,-20.28757417
352,-19,-20.27469842
353,-19,-20.26195144
354,-19,-20.24933193
355,-18,-20.22683861
356,-21,-20.23457022
357,-21,-20.24222452
358,-21,-20.24980227
359,-19,-20.23730425
360,-21,-20.24493121
361,-21,-20.2524819
362,-21,-20.25995708
363,-20,-20.25735751
364,-20,-20.25478393
365,-21,-20.26223609
366,-21,-20.26961373
367,-20,-20.26691759
368,-20,-20.26424842
369,-20,-20.26160593
370,-18,-20.23898987
371,-21,-20.24659998
372,-19,-20.23413398
373,-20,-20.23179264
374,-21,-20.23947471
375,-21,-20.24707996
376,-21,-20.25460916
377,-20,-20.25206307
378,-19,-20.23954244
379,-20,-20.23714702
380,-21,-20.24477555
381,-21,-20.25232779
382,-20,-20.24980451
383,-20,-20.24730647
384,-21,-20.2548334
385,-21,-20.26228507
386,-20,-20.25966222
387,-20,-20.2570656
388,-21,-20.26449494
389,-21,-20.27184999
390,-19,-20.25913149
391,-20,-20.25654018
392,-20,-20.25397477
393,-18,-20.23143503
394,-20,-20.22912068
395,-21,-20.23682947
396,-21,-20.24446117
397,-21,-20.25201656
398,-19,-20.2394964
399,-20,-20.23710143
400,-20,-20.23473042
401,-20,-20.23238311
402,-21,-20.24005928
403,-20,-20.23765869
404,-21,-20.2452821
405,-21,-20.25282928
406,-20,-20.25030099
407,-21,-20.25779798
408,-18,-20.23522
409,-21,-20.2428678
410,-20,-20.24043912
411,-21,-20.24803473
412,-21,-20.25555438
413,-20,-20.25299884
414,-21,-20.26046885
415,-21,-20.26786416
416,-21,-20.27518552
417,-20,-20.27243367
418,-19,-20.25970933
419,-21,-20.26711224
420,-19,-20.25444111
421,-20,-20.2518967
422,-21,-20.25937774
423,-21,-20.26678396
424,-21,-20.27411612
425,-20,-20.27137496
426,-19,-20.25866121
427,-21,-20.2660746
428,-21,-20.27341385
429,-21,-20.28067971
430,-21,-20.28787291
431,-21,-20.29499418
432,-19,-20.28204424
433,-21,-20.2892238
434,-20,-20.28633156
435,-20,-20.28346825
436,-19,-20.27063356
437,-21,-20.27792723
438,-19,-20.26514796
439,-21,-20.27249648
440,-20,-20.26977151
441,-17,-20.2370738
442,-21,-20.24470306
443,-19,-20.23225603
444,-21,-20.23993347
445,-20,-20.23753413
446,-21,-20.24515879
447,-19,-20.2327072
448,-21,-20.24038013
449,-19,-20.22797633
450,-21,-20.23569657
451,-20,-20.2333396
452,-21,-20.24100621
453,-20,-20.23859614
454,-21,-20.24621018
455,-21,-20.25374808
456,-20,-20.2512106
457,-20,-20.24869849
458,-20,-20.24621151
459,-20,-20.24374939
460,-20,-20.2413119
461,-19,-20.22889878
462,-21,-20.23660979
463,-20,-20.2342437
464,-20,-20.23190126
465,-21,-20.23958225
466,-19,-20.22718642
467,-16,-20.18491456
468,-20,-20.18306541
469,-21,-20.19123476
470,-21,-20.19932241
471,-20,-20.19732919
472,-20,-20.1953559
473,-19,-20.18340234
474,-19,-20.17156831
475,-21,-20.17985263
476,-19,-20.1680541
477,-21,-20.17637356
478,-21,-20.18460983
479,-19,-20.17276373
480,-20,-20.17103609
481,-19,-20.15932573
482,-21,-20.16773247
483,-21,-20.17605515
484,-20,-20.1742946
485,-17,-20.14255165
486,-17,-20.11112613
487,-20,-20.11001487
488,-19,-20.09891472
489,-19,-20.08792558
490,-20,-20.08704632
491,-21,-20.09617586
492,-20,-20.0952141
493,-21,-20.10426196
494,-20,-20.10321934
495,-18,-20.08218715
496,-20,-20.08136527
497,-21,-20.09055162
498,-20,-20.08964611
499,-19,-20.07874964
500,-20,-20.07796215
501,-21,-20.08718253
502,-20,-20.0863107
503,-21,-20.09544759
504,-20,-20.09449312
505,-21,-20.10354819
506,-20,-20.10251271
507,-21,-20.11148758
508,-20,-20.1103727
509,-21,-20.11926898
510,-21,-20.12807629
511,-21,-20.13679552
512,-18,-20.11542757
513,-20,-20.11427329
514,-19,-20.10313056
515,-19,-20.09209925
516,-21,-20.10117826
517,-21,-20.11016648
518,-19,-20.09906481
519,-19,-20.08807417
520,-19,-20.07719342
521,-21,-20.08642149
522,-21,-20.09555727
523,-20,-20.0946017
524,-21,-20.10365568
525,-19,-20.09261913
526,-20,-20.09169294
527,-20,-20.09077601
528,-20,-20.08986825
529,-21,-20.09896956
530,-21,-20.10797987
531,-21,-20.11690007
532,-21,-20.12573107
533,-20,-20.12447376
534,-21,-20.13322902
535,-19,-20.12189673
536,-21,-20.13067776
537,-19,-20.11937099
538,-20,-20.11817728
539,-21,-20.1269955
540,-20,-20.12572555
541,-18,-20.10446829
542,-21,-20.11342361
543,-20,-20.11228937
544,-21,-20.12116648
545,-21,-20.12995482
546,-19,-20.11865527
547,-21,-20.12746871
548,-21,-20.13619403
549,-21,-20.14483209
550,-21,-20.15338377
551,-21,-20.16184993
552,-21,-20.17023143
553,-19,-20.15852912
554,-20,-20.15694382
555,-21,-20.16537439
556,-21,-20.17372064
557,-19,-20.16198344
558,-19,-20.1503636
559,-19,-20.13885997
560,-20,-20.13747137
561,-19,-20.12609665
562,-19,-20.11483569
563,-19,-20.10368733
564,-21,-20.11265046
565,-21,-20.12152395
566,-21,-20.13030871
567,-20,-20.12900562
568,-21,-20.13771557
569,-20,-20.13633841
570,-21,-20.14497503
571,-21,-20.15352528
572,-21,-20.16199002
573,-19,-20.15037012
574,-19,-20.13886642
575,-20,-20.13747776
576,-21,-20.14610298
577,-20,-20.14464195
578,-21,-20.15319553
579,-19,-20.14166358
580,-20,-20.14024694
581,-20,-20.13884447
582,-21,-20.14745603
583,-20,-20.14598147
584,-19,-20.13452165
585,-20,-20.13317644
586,-21,-20.14184467
587,-20,-20.14042622
588,-21,-20.14902196
589,-20,-20.14753174
590,-20,-20.14605643
591,-21,-20.15459586
592,-18,-20.1330499
593,-19,-20.1217194
594,-20,-20.12050221
595,-21,-20.12929719
596,-18,-20.10800422
597,-19,-20.09692417
598,-21,-20.10595493
599,-20,-20.10489538
600,-21,-20.11384643
601,-21,-20.12270796
602,-19,-20.11148088
603,-21,-20.12036608
604,-20,-20.11916241
605,-21,-20.12797079
606,-20,-20.12669108
607,-21,-20.13542417
608,-20,-20.13406993
609,-21,-20.14272923
610,-19,-20.13130194
611,-21,-20.13998892
612,-21,-20.14858903
613,-19,-20.13710314
614,-19,-20.12573211
615,-21,-20.13447479
616,-20,-20.13313004
617,-21,-20.14179874
618,-21,-20.15038075
619,-19,-20.13887694
620,-19,-20.12748817
621,-20,-20.12621329
622,-20,-20.12495116
623,-21,-20.13370165
624,-20,-20.13236463
625,-21,-20.14104099
626,-20,-20.13963058
627,-20,-20.13823427
628,-21,-20.14685193
629,-21,-20.15538341
630,-20,-20.15382957
631,-20,-20.15229128
632,-20,-20.15076837
633,-20,-20.14926068
634,-21,-20.15776807
635,-19,-20.14619039
636,-21,-20.15472849
637,-21,-20.16318121
638,-21,-20.17154939
639,-21,-20.1798339
640,-21,-20.18803556
641,-20,-20.1861552
642,-21,-20.19429365
643,-20,-20.19235072
644,-20,-20.19042721
645,-21,-20.19852294
646,-19,-20.18653771
647,-20,-20.18467233
648,-21,-20.19282561
649,-20,-20.19089735
650,-20,-20.18898838
651,-18,-20.16709849
652,-21,-20.17542751
653,-21,-20.18367323
654,-21,-20.1918365
655,-18,-20.16991814
656,-21,-20.17821895
657,-21,-20.18643677
658,-21,-20.1945724
659,-21,-20.20262667
660,-21,-20.21060041
661,-20,-20.2084944
662,-20,-20.20640946
663,-17,-20.17434536
664,-21,-20.18260191
665,-18,-20.16077589
666,-21,-20.16916813
667,-18,-20.14747645
668,-20,-20.14600169
669,-20,-20.14454167
670,-21,-20.15309625
671,-21,-20.16156529
672,-20,-20.15994964
673,-20,-20.15835014
674,-21,-20.16676664
675,-21,-20.17509897
676,-21,-20.18334798
677,-21,-20.1915145
678,-21,-20.19959936
679,-20,-20.19760337
680,-21,-20.20562733
681,-20,-20.20357106
682,-21,-20.21153535
683,-19,-20.19941999
684,-21,-20.20742579
685,-19,-20.19535154
686,-21,-20.20339802
687,-21,-20.21136404
688,-21,-20.2192504
689,-20,-20.2170579
690,-20,-20.21488732
691,-21,-20.22273844
692,-20,-20.22051106
693,-21,-20.22830595
694,-20,-20.22602289
695,-21,-20.23376266
696,-19,-20.22142503
697,-21,-20.22921078
698,-21,-20.23691868
699,-21,-20.24454949
700,-21,-20.25210399
701,-19,-20.23958295
702,-17,-20.20718713
703,-20,-20.20511525
704,-20,-20.2030641
705,-20,-20.20103346
706,-21,-20.20902313
707,-19,-20.19693289
708,-21,-20.20496357
709,-21,-20.21291393
710,-21,-20.22078479
711,-21,-20.22857694
712,-19,-20.21629117
713,-19,-20.20412826
714,-21,-20.21208698
715,-19,-20.19996611
716,-19,-20.18796645
717,-21,-20.19608678
718,-21,-20.20412592
719,-21,-20.21208466
720,-20,-20.20996381
721,-20,-20.20786417
722,-18,-20.18578553
723,-19,-20.17392767
724,-21,-20.1821884
725,-20,-20.18036651
726,-21,-20.18856285
727,-20,-20.18667722
728,-21,-20.19481045
729,-18,-20.17286234
730,-21,-20.18113372
731,-21,-20.18932238
732,-20,-20.18742916
733,-20,-20.18555487
734,-21,-20.19369932
735,-19,-20.18176233
736,-21,-20.1899447
737,-21,-20.19804526
738,-19,-20.1860648
739,-20,-20.18420415
740,-20,-20.18236211
741,-19,-20.17053849
742,-21,-20.17883311
743,-19,-20.16704478
744,-21,-20.17537433
745,-19,-20.16362059
746,-21,-20.17198438
747,-21,-20.18026454
748,-19,-20.16846189
749,-21,-20.17677727
750,-21,-20.1850095
751,-19,-20.1731594
752,-21,-20.18142781
753,-20,-20.17961353
754,-20,-20.1778174
755,-20,-20.17603922
756,-21,-20.18427883
757,-19,-20.17243604
758,-21,-20.18071168
759,-21,-20.18890456
760,-20,-20.18701552
761,-19,-20.17514536
762,-20,-20.17339391
763,-21,-20.18165997
764,-20,-20.17984337
765,-20,-20.17804494
766,-21,-20.18626449
767,-20,-20.18440184
768,-20,-20.18255782
769,-21,-20.19073225
770,-21,-20.19882492
771,-21,-20.20683667
772,-20,-20.20476831
773,-21,-20.21272062
774,-21,-20.22059342
775,-19,-20.20838748
776,-19,-20.19630361
777,-20,-20.19434057
778,-19,-20.18239717
779,-20,-20.1805732
780,-21,-20.18876746
781,-18,-20.16687979
782,-21,-20.17521099
783,-19,-20.16345888
784,-21,-20.17182429
785,-18,-20.15010605
786,-21,-20.15860499
787,-21,-20.16701894
788,-18,-20.14534875
789,-21,-20.15389526
790,-21,-20.16235631
791,-18,-20.14073275
792,-19,-20.12932542
793,-21,-20.13803217
794,-21,-20.14665184
795,-21,-20.15518533
796,-20,-20.15363347
797,-20,-20.15209714
798,-21,-20.16057617
799,-20,-20.1589704
800,-21,-20.1673807
801,-21,-20.17570689
802,-21,-20.18394982
803,-20,-20.18211033
804,-20,-20.18028922
805,-21,-20.18848633
806,-20,-20.18660147
807,-21,-20.19473545
808,-20,-20.1927881
809,-21,-20.20086022
810,-20,-20.19885161
811,-20,-20.1968631
812,-20,-20.19489447
813,-21,-20.20294552
814,-20,-20.20091607
815,-20,-20.19890691
816,-20,-20.19691784
817,-21,-20.20494866
818,-20,-20.20289917
819,-21,-20.21087018
820,-21,-20.21876148
821,-20,-20.21657386
822,-21,-20.22440813
823,-21,-20.23216404
824,-19,-20.2198424
825,-21,-20.22764398
826,-21,-20.23536754
827,-21,-20.24301387
828,-21,-20.25058373
829,-21,-20.25807789
830,-18,-20.23549711
831,-20,-20.23314214
832,-21,-20.24081072
833,-21,-20.24840261
834,-20,-20.24591858
835,-17,-20.2134594
836,-21,-20.2213248
837,-20,-20.21911156
838,-19,-20.20692044
839,-21,-20.21485124
840,-21,-20.22270272
841,-21,-20.2304757
842,-21,-20.23817094
843,-18,-20.21578923
844,-19,-20.20363134
845,-21,-20.21159503
846,-20,-20.20947907
847,-21,-20.21738428
848,-21,-20.22521044
849,-21,-20.23295834
850,-20,-20.23062875
851,-20,-20.22832247
852,-21,-20.23603924
853,-21,-20.24367885
854,-21,-20.25124206
855,-19,-20.23872964
856,-20,-20.23634234
857,-18,-20.21397892
858,-21,-20.22183913
859,-20,-20.21962074
860,-19,-20.20742453
861,-18,-20.18535029
862,-21,-20.19349678
863,-20,-20.19156182
864,-21,-20.1996462
865,-21,-20.20764974
866,-19,-20.19557324
867,-19,-20.18361751
868,-21,-20.19178133
869,-19,-20.17986352
870,-21,-20.18806488
871,-19,-20.17618423
872,-21,-20.18442239
873,-20,-20.18257817
874,-21,-20.19075239
875,-19,-20.17884486
876,-20,-20.17705641
877,-19,-20.16528585
878,-20,-20.16363299
879,-21,-20.17199666
880,-19,-20.16027669
881,-20,-20.15867393
882,-21,-20.16708719
883,-20,-20.16541632
884,-19,-20.15376215
885,-19,-20.14222453
886,-21,-20.15080229
887,-21,-20.15929426
888,-19,-20.14770132
889,-19,-20.13622431
890,-20,-20.13486206
891,-21,-20.14351344
892,-20,-20.14207831
893,-18,-20.12065753
894,-19,-20.10945095
895,-21,-20.11835644
896,-20,-20.11717288
897,-21,-20.12600115
898,-21,-20.13474114
899,-20,-20.13339373
900,-21,-20.14205979
901,-20,-20.14063919
902,-20,-20.1392328
903,-21,-20.14784047
904,-19,-20.13636207
905,-17,-20.10499844
906,-21,-20.11394846
907,-19,-20.10280898
908,-19,-20.09178089
909,-21,-20.10086308
910,-21,-20.10985445
911,-20,-20.1087559
912,-20,-20.10766834
913,-20,-20.10659166
914,-17,-20.07552574
915,-21,-20.08477049
916,-19,-20.07392278
917,-19,-20.06318355
918,-19,-20.05255172
919,-21,-20.0620262
920,-21,-20.07140594
921,-20,-20.07069188
922,-21,-20.07998496
923,-17,-20.04918511
924,-21,-20.05869326
925,-20,-20.05810633
926,-21,-20.06752526
927,-21,-20.07685001
928,-20,-20.07608151
929,-20,-20.0753207
930,-21,-20.08456749
931,-20,-20.08372181
932,-21,-20.0928846
933,-21,-20.10195575
934,-20,-20.10093619
935,-21,-20.10992683
936,-20,-20.10882756
937,-18,-20.08773929
938,-21,-20.09686189
939,-21,-20.10589327
940,-19,-20.09483434
941,-20,-20.093886
942,-20,-20.09294714
943,-20,-20.09201767
944,-16,-20.05109749
945,-21,-20.06058652
946,-21,-20.06998065
947,-21,-20.07928084
948,-20,-20.07848804
949,-21,-20.08770315
950,-21,-20.09682612
951,-20,-20.09585786
952,-19,-20.08489928
953,-20,-20.08405029
954,-19,-20.07320979
955,-20,-20.07247769
956,-21,-20.08175291
957,-21,-20.09093538
958,-18,-20.07002603
959,-13,-19.99932577
960,-21,-20.00933251
961,-21,-20.01923919
962,-16,-19.9790468
963,-17,-19.94925633
964,-21,-19.95976376
965,-20,-19.96016613
966,-21,-19.97056446
967,-21,-19.98085882
968,-21,-19.99105023
969,-21,-20.00113973
970,-20,-20.00112833
971,-19,-19.99111705
972,-18,-19.97120588
973,-17,-19.94149382
974,-20,-19.94207888
975,-21,-19.95265809
976,-20,-19.95313151
977,-21,-19.9636002
978,-19,-19.95396419
979,-21,-19.96442455
980,-18,-19.94478031
981,-21,-19.9553325
982,-21,-19.96577918
983,-21,-19.97612139
984,-21,-19.98636017
985,-17,-19.95649657
986,-21,-19.96693161
987,-21,-19.97726229
988,-21,-19.98748967
989,-18,-19.96761477
990,-19,-19.95793862
991,-21,-19.96835924
992,-19,-19.95867564
993,-21,-19.96908889
994,-21,-19.979398
995,-21,-19.98960402
996,-21,-19.99970798
997,-21,-20.0097109
998,-18,-19.98961379
999,-19,-19.97971765
1000,-20,-19.97992048
1001,-18,-19.96012127
1002,-21,-19.97052006
1003,-20,-19.97081486
1004,-21,-19.98110671
1005,-20,-19.98129564
1006,-19,-19.97148269
1007,-18,-19.95176786
1008,-19,-19.94225018
1009,-19,-19.93282768
1010,-20,-19.9334994
1011,-16,-19.89416441
1012,-19,-19.88522276
1013,-20,-19.88637054
1014,-18,-19.86750683
1015,-20,-19.86883176
1016,-21,-19.88014344
1017,-19,-19.87134201
1018,-19,-19.86262859
1019,-20,-19.8640023
1020,-21,-19.87536228
1021,-21,-19.88660866
1022,-21,-19.89774257
1023,-17,-19.86876515
1024,-21,-19.88007749
1025,-19,-19.87127672
1026,-20,-19.87256395
1027,-20,-19.87383831
1028,-21,-19.88509993
1029,-19,-19.87624893
1030,-20,-19.87748644
1031,-21,-19.88871158
1032,-21,-19.89982446
1033,-21,-19.91082622
1034,-21,-19.92171795
1035,-19,-19.91250077
1036,-20,-19.91337577
1037,-21,-19.92424201
1038,-20,-19.92499959
1039,-20,-19.92574959
1040,-21,-19.9364921
1041,-18,-19.91712718
1042,-21,-19.9279559
1043,-19,-19.91867635
1044,-20,-19.91948958
1045,-20,-19.92029469
1046,-19,-19.91109174
1047,-19,-19.90198082
1048,-21,-19.91296101
1049,-20,-19.9138314
1050,-21,-19.92469309
1051,-17,-19.89544616
1052,-21,-19.9064917
1053,-21,-19.91742678
1054,-18,-19.89825251
1055,-21,-19.90926999
1056,-21,-19.92017729
1057,-17,-19.89097551
1058,-21,-19.90206576
1059,-18,-19.8830451
1060,-21,-19.89421465
1061,-21,-19.9052725
1062,-19,-19.89621978
1063,-17,-19.86725758
1064,-20,-19.86858501
1065,-20,-19.86989916
1066,-18,-19.85120016
1067,-21,-19.86268816
1068,-19,-19.85406128
1069,-20,-19.85552067
1070,-18,-19.83696546
1071,-20,-19.83859581
1072,-21,-19.85020985
1073,-19,-19.84170775
1074,-21,-19.85329067
1075,-21,-19.86475777
1076,-20,-19.86611019
1077,-18,-19.84744909
1078,-19,-19.8389746
1079,-21,-19.85058485
1080,-20,-19.852079
1081,-21,-19.86355821
1082,-21,-19.87492263
1083,-16,-19.8361734
1084,-19,-19.82781167
1085,-21,-19.83953355
1086,-19,-19.83113822
1087,-20,-19.83282683
1088,-21,-19.84449857
1089,-20,-19.84605358
1090,-21,-19.85759304
1091,-16,-19.81901711
1092,-18,-19.80082694
1093,-19,-19.79281867
1094,-18,-19.77489049
1095,-20,-19.77714158
1096,-19,-19.76937017
1097,-21,-19.78167646
1098,-20,-19.7838597
1099,-20,-19.7860211
1100,-20,-19.78816089
1101,-21,-19.80027928
1102,-21,-19.81227649
1103,-20,-19.81415372
1104,-19,-19.80601219
1105,-20,-19.80795207
1106,-19,-19.79987255
1107,-21,-19.81187382
1108,-17,-19.78375508
1109,-20,-19.78591753
1110,-20,-19.78805836
1111,-21,-19.80017777
1112,-19,-19.79217599
1113,-19,-19.78425423
1114,-19,-19.77641169
1115,-20,-19.77864757
1116,-19,-19.7708611
1117,-19,-19.76315249
1118,-20,-19.76552096
1119,-19,-19.75786575
1120,-21,-19.7702871
1121,-17,-19.74258423
1122,-21,-19.75515838
1123,-17,-19.7276068
1124,-16,-19.69033073
1125,-21,-19.70342742
1126,-19,-19.69639315
1127,-21,-19.70942922
1128,-19,-19.70233493
1129,-17,-19.67531158
1130,-19,-19.66855846
1131,-20,-19.67187288
1132,-20,-19.67515415
1133,-21,-19.68840261
1134,-19,-19.68151858
1135,-20,-19.68470339
1136,-19,-19.67785636
1137,-20,-19.6810778
1138,-21,-19.69426702
1139,-21,-19.70732435
1140,-20,-19.7102511
1141,-18,-19.69314859
1142,-20,-19.69621711
1143,-20,-19.69925494
1144,-21,-19.71226239
1145,-18,-19.69513976
1146,-18,-19.67818837
1147,-20,-19.68140648
1148,-15,-19.63459242
1149,-21,-19.64824649
1150,-21,-19.66176403
1151,-16,-19.62514639
1152,-21,-19.63889492
1153,-21,-19.65250597
1154,-18,-19.63598092
1155,-20,-19.63962111
1156,-21,-19.6532249
1157,-20,-19.65669265
1158,-20,-19.66012572
1159,-19,-19.65352446
1160,-20,-19.65698922
1161,-18,-19.64041933
1162,-21,-19.65401513
1163,-20,-19.65747498
1164,-19,-19.65090023
1165,-18,-19.63439123
1166,-21,-19.64804732
1167,-20,-19.65156684
1168,-21,-19.66505118
1169,-21,-19.67840066
1170,-20,-19.68161666
1171,-19,-19.67480049
1172,-21,-19.68805249
1173,-19,-19.68117196
1174,-21,-19.69436024
1175,-19,-19.68741664
1176,-19,-19.68054247
1177,-20,-19.68373705
1178,-21,-19.69689968
1179,-17,-19.66993068
1180,-21,-19.68323137
1181,-19,-19.67639906
1182,-16,-19.63963507
1183,-18,-19.62323872
1184,-21,-19.63700633
1185,-15,-19.59063627
1186,-21,-19.6047299
1187,-21,-19.61868261
1188,-19,-19.61249578
1189,-21,-19.62637082
1190,-21,-19.64010711
1191,-20,-19.64370604
1192,-21,-19.65726898
1193,-20,-19.66069629
1194,-20,-19.66408933
1195,-21,-19.67744844
1196,-21,-19.69067395
1197,-19,-19.68376721
1198,-19,-19.67692954
1199,-19,-19.67016024
1200,-16,-19.63345864
1201,-19,-19.62712406
1202,-21,-19.64085282
1203,-18,-19.62444429
1204,-20,-19.62819984
1205,-20,-19.63191785
1206,-21,-19.64559867
1207,-18,-19.62914268
1208,-20,-19.63285125
1209,-21,-19.64652274
1210,-21,-19.66005751
1211,-20,-19.66345694
1212,-20,-19.66682237
1213,-17,-19.64015415
1214,-20,-19.6437526
1215,-20,-19.64731508
1216,-20,-19.65084193
1217,-19,-19.64433351
1218,-19,-19.63789017
1219,-19,-19.63151127
1220,-21,-19.64519616
1221,-19,-19.6387442
1222,-20,-19.64235676
1223,-20,-19.64593319
1224,-19,-19.63947386
1225,-21,-19.65307912
1226,-21,-19.66654833
1227,-21,-19.67988284
1228,-18,-19.66308401
1229,-19,-19.65645317
1230,-19,-19.64988864
1231,-19,-19.64338976
1232,-20,-19.64695586
1233,-17,-19.6204863
1234,-17,-19.59428144
1235,-21,-19.60833862
1236,-18,-19.59225524
1237,-21,-19.60633268
1238,-21,-19.62026936
1239,-19,-19.61406666
1240,-19,-19.607926
1241,-19,-19.60184674
1242,-20,-19.60582827
1243,-21,-19.61976999
1244,-19,-19.61357229
1245,-18,-19.59743656
1246,-19,-19.5914622
1247,-19,-19.58554758
1248,-21,-19.5996921
1249,-19,-19.59369518
1250,-19,-19.58775823
1251,-15,-19.54188065
1252,-19,-19.53646184
1253,-21,-19.55109722
1254,-20,-19.55558625
1255,-21,-19.57003039
1256,-19,-19.56433008
1257,-19,-19.55868678
1258,-20,-19.56309991
1259,-17,-19.53746891
1260,-19,-19.53209423
1261,-17,-19.50677328
1262,-21,-19.52170555
1263,-19,-19.51648849
1264,-19,-19.51132361
1265,-21,-19.52621037
1266,-20,-19.53094827
1267,-21,-19.54563879
1268,-19,-19.5401824
1269,-18,-19.52478058
1270,-21,-19.53953277
1271,-20,-19.54413744
1272,-19,-19.53869607
1273,-19,-19.53330911
1274,-20,-19.53797602
1275,-20,-19.54259626
1276,-21,-19.55717029
1277,-20,-19.56159859
1278,-21,-19.5759826
1279,-20,-19.58022278
1280,-19,-19.57442055
1281,-19,-19.56867634
1282,-18,-19.55298958
1283,-19,-19.54745969
1284,-17,-19.52198509
1285,-17,-19.49676524
1286,-21,-19.51179759
1287,-19,-19.50667961
1288,-21,-19.52161281
1289,-20,-19.52639669
1290,-17,-19.50113272
1291,-18,-19.48612139
1292,-21,-19.50126018
1293,-19,-19.49624758
1294,-19,-19.4912851
1295,-17,-19.46637225
1296,-21,-19.48170853
1297,-19,-19.47689144
1298,-19,-19.47212253
1299,-21,-19.4874013
1300,-21,-19.50252729
1301,-21,-19.51750202
1302,-21,-19.532327
1303,-21,-19.54700373
1304,-21,-19.56153369
1305,-21,-19.57591835
1306,-19,-19.57015917
1307,-21,-19.58445758
1308,-21,-19.598613
1309,-21,-19.61262687
1310,-17,-19.5865006
1311,-21,-19.6006356
1312,-19,-19.59462924
1313,-19,-19.58868295
1314,-19,-19.58279612
1315,-16,-19.54696816
1316,-21,-19.56149848
1317,-20,-19.56588349
1318,-21,-19.58022466
1319,-21,-19.59442241
1320,-17,-19.56847818
1321,-19,-19.5627934
1322,-21,-19.57716547
1323,-21,-19.59139381
1324,-20,-19.59547988
1325,-20,-19.59952508
1326,-20,-19.60352983
1327,-20,-19.60749453
1328,-21,-19.62141958
1329,-20,-19.62520539
1330,-19,-19.61895333
1331,-16,-19.5827638
1332,-19,-19.57693616
1333,-18,-19.5611668
1334,-21,-19.57555513
1335,-21,-19.58979958
1336,-21,-19.60390159
1337,-19,-19.59786257
1338,-20,-19.60188394
1339,-19,-19.5958651
1340,-18,-19.57990645
1341,-20,-19.58410739
1342,-21,-19.59826631
1343,-18,-19.58228365
1344,-19,-19.57646082
1345,-19,-19.57069621
1346,-19,-19.56498924
1347,-21,-19.57933935
1348,-20,-19.58354596
1349,-21,-19.5977105
1350,-20,-19.60173339
1351,-19,-19.59571606
1352,-19,-19.5897589
1353,-19,-19.58386131
1354,-19,-19.5780227
1355,-18,-19.56224247
1356,-21,-19.57662005
1357,-20,-19.58085385
1358,-21,-19.59504531
1359,-21,-19.60909485
1360,-18,-19.59300391
1361,-20,-19.59707387
1362,-19,-19.59110313
1363,-20,-19.5951921
1364,-17,-19.56924018
1365,-21,-19.58354777
1366,-19,-19.5777123
1367,-19,-19.57193517
1368,-21,-19.58621582
1369,-19,-19.58035366
1370,-18,-19.56455013
1371,-18,-19.54890463
1372,-16,-19.51341558
1373,-20,-19.51828142
1374,-21,-19.53309861
1375,-20,-19.53776762
1376,-14,-19.48238995
1377,-19,-19.47756605
1378,-21,-19.49279039
1379,-19,-19.48786248
1380,-19,-19.48298386
1381,-21,-19.49815402
1382,-21,-19.51317248
1383,-17,-19.48804075
1384,-17,-19.46316035
1385,-18,-19.44852874
1386,-20,-19.45404346
1387,-19,-19.44950302
1388,-19,-19.44500799
1389,-21,-19.46055791
1390,-15,-19.41595233
1391,-20,-19.42179281
1392,-21,-19.43757488
1393,-20,-19.44319913
1394,-21,-19.45876714
1395,-19,-19.45417947
1396,-21,-19.46963767
1397,-19,-19.4649413
1398,-21,-19.48029188
1399,-18,-19.46548897
1400,-15,-19.42083408
1401,-21,-19.43662574
1402,-21,-19.45225948
1403,-19,-19.44773688
1404,-17,-19.42325951
1405,-21,-19.43902692
1406,-19,-19.43463665
1407,-14,-19.38029028
1408,-16,-19.34648738
1409,-19,-19.34302251
1410,-20,-19.34959228
1411,-19,-19.34609636
1412,-20,-19.3526354
1413,-17,-19.32910904
1414,-20,-19.33581795
1415,-21,-19.35245977
1416,-21,-19.36893517
1417,-21,-19.38524582
1418,-18,-19.37139336
1419,-17,-19.34767943
1420,-19,-19.34420264
1421,-20,-19.35076061
1422,-20,-19.357253
1423,-16,-19.32368047
1424,-19,-19.32044367
1425,-20,-19.32723923
1426,-19,-19.32396684
1427,-17,-19.30072717
1428,-21,-19.3177199
1429,-21,-19.3345427
1430,-20,-19.34119727
1431,-19,-19.3377853
1432,-21,-19.35440745
1433,-17,-19.33086337
1434,-19,-19.32755474
1435,-17,-19.30427919
1436,-21,-19.3212364
1437,-21,-19.33802404
1438,-21,-19.3546438
1439,-18,-19.34109736
1440,-19,-19.33768638
1441,-19,-19.33430952
1442,-21,-19.35096643
1443,-18,-19.33745676
1444,-18,-19.32408219
1445,-20,-19.33084137
1446,-21,-19.34753296
1447,-19,-19.34405763
1448,-21,-19.36061705
1449,-20,-19.36701088
1450,-20,-19.37334077
1451,-21,-19.38960737
1452,-19,-19.38571129
1453,-21,-19.40185418
1454,-19,-19.39783564
1455,-19,-19.39385728
1456,-19,-19.38991871
1457,-17,-19.36601952
1458,-18,-19.35235933
1459,-18,-19.33883573
1460,-20,-19.34544737
1461,-21,-19.3619929
1462,-20,-19.36837297
1463,-20,-19.37468924
1464,-17,-19.35094235
1465,-21,-19.36743293
1466,-20,-19.3737586
1467,-18,-19.36002101
1468,-21,-19.3764208
1469,-21,-19.39265659
1470,-18,-19.37873003
1471,-18,-19.36494273
1472,-20,-19.3712933
1473,-21,-19.38758037
1474,-19,-19.38370456
1475,-18,-19.36986752
1476,-20,-19.37616884
1477,-19,-19.37240715
1478,-20,-19.37868308
1479,-18,-19.36489625
1480,-20,-19.37124729
1481,-18,-19.35753482
1482,-19,-19.35395947
1483,-17,-19.33041987
1484,-18,-19.31711567
1485,-20,-19.32394452
1486,-21,-19.34070507
1487,-19,-19.33729802
1488,-19,-19.33392504
1489,-20,-19.34058579
1490,-21,-19.35717993
1491,-20,-19.36360813
1492,-21,-19.37997205
1493,-21,-19.39617233
1494,-18,-19.38221061
1495,-20,-19.3883885
1496,-18,-19.37450462
1497,-20,-19.38075957
1498,-21,-19.39695198
1499,-19,-19.39298246
1500,-21,-19.40905263
1501,-17,-19.3849621
1502,-18,-19.37111248
1503,-20,-19.37740136
1504,-19,-19.37362735
1505,-20,-19.37989107
1506,-20,-19.38609216
1507,-19,-19.38223124
1508,-20,-19.38840893
1509,-20,-19.39452484
1510,-19,-19.39057959
1511,-19,-19.38667379
1512,-21,-19.40280706
1513,-20,-19.40877899
1514,-18,-19.3946912
1515,-17,-19.37074428
1516,-19,-19.36703684
1517,-18,-19.35336647
1518,-16,-19.31983281
1519,-19,-19.31663448
1520,-19,-19.31346813
1521,-19,-19.31033345
1522,-18,-19.29723012
1523,-18,-19.28425782
1524,-19,-19.28141524
1525,-17,-19.25860109
1526,-21,-19.27601508
1527,-21,-19.29325493
1528,-19,-19.29032238
1529,-19,-19.28741915
1530,-20,-19.29454496
1531,-19,-19.29159951
1532,-20,-19.29868352
1533,-20,-19.30569668
1534,-17,-19.28263971
1535,-17,-19.25981332
1536,-21,-19.27721518
1537,-19,-19.27444303
1538,-19,-19.2716986
1539,-21,-19.28898162
1540,-19,-19.2860918
1541,-20,-19.29323088
1542,-15,-19.25029857
1543,-20,-19.25779559
1544,-20,-19.26521763
1545,-20,-19.27256545
1546,-21,-19.2898398
1547,-18,-19.2769414
1548,-19,-19.27417199
1549,-21,-19.29143027
1550,-20,-19.29851597
1551,-21,-19.31553081
1552,-20,-19.3223755
1553,-16,-19.28915174
1554,-19,-19.28626023
1555,-21,-19.30339762
1556,-20,-19.31036365
1557,-21,-19.32726001
1558,-19,-19.32398741
1559,-21,-19.34074754
1560,-20,-19.34734006
1561,-19,-19.34386666
1562,-19,-19.34042799
1563,-17,-19.31702371
1564,-21,-19.33385348
1565,-19,-19.33051494
1566,-21,-19.34720979
1567,-20,-19.35373769
1568,-17,-19.33020032
1569,-21,-19.34689831
1570,-19,-19.34342933
1571,-18,-19.32999504
1572,-19,-19.32669509
1573,-21,-19.34342814
1574,-21,-19.35999386
1575,-17,-19.33639392
1576,-21,-19.35302998
1577,-18,-19.33949968
1578,-19,-19.33610468
1579,-20,-19.34274363
1580,-21,-19.3593162
1581,-19,-19.35572304
1582,-19,-19.35216581
1583,-21,-19.36864415
1584,-20,-19.37495771
1585,-20,-19.38120813
1586,-19,-19.37739605
1587,-20,-19.38362209
1588,-15,-19.33978587
1589,-19,-19.33638801
1590,-19,-19.33302413
1591,-21,-19.34969389
1592,-20,-19.35619695
1593,-21,-19.37263498
1594,-12,-19.29890863
1595,-21,-19.31591954
1596,-20,-19.32276035
1597,-16,-19.28953274
1598,-17,-19.26663742
1599,-20,-19.27397104
1600,-14,-19.22123133
1601,-17,-19.19901902
1602,-20,-19.20702883
1603,-21,-19.22495854
1604,-19,-19.22270895
1605,-19,-19.22048186
1606,-18,-19.20827705
1607,-21,-19.22619428
1608,-19,-19.22393233
1609,-21,-19.24169301
1610,-19,-19.23927608
1611,-21,-19.25688332
1612,-20,-19.26431449
1613,-17,-19.24167134
1614,-19,-19.23925463
1615,-20,-19.24686208
1616,-21,-19.26439346
1617,-17,-19.24174953
1618,-20,-19.24933203
1619,-21,-19.26683871
1620,-20,-19.27417032
1621,-20,-19.28142862
1622,-18,-19.26861433
1623,-21,-19.28592819
1624,-19,-19.28306891
1625,-17,-19.26023822
1626,-20,-19.26763584
1627,-19,-19.26495948
1628,-20,-19.27230988
1629,-18,-19.25958678
1630,-17,-19.23699092
1631,-18,-19.22462101
1632,-20,-19.2323748
1633,-17,-19.21005105
1634,-21,-19.22795054
1635,-19,-19.22567103
1636,-18,-19.21341432
1637,-18,-19.20128018
1638,-18,-19.18926738
1639,-21,-19.2073747
1640,-21,-19.22530096
1641,-21,-19.24304795
1642,-20,-19.25061747
1643,-21,-19.26811129
1644,-20,-19.27543018
1645,-19,-19.27267588
1646,-20,-19.27994912
1647,-21,-19.29714963
1648,-21,-19.31417813
1649,-21,-19.33103635
1650,-21,-19.34772599
1651,-19,-19.34424873
1652,-17,-19.32080624
1653,-21,-19.33759818
1654,-20,-19.3442222
1655,-20,-19.35077997
1656,-19,-19.34727217
1657,-20,-19.35379945
1658,-19,-19.35026146
1659,-16,-19.31675884
1660,-19,-19.31359126
1661,-19,-19.31045534
1662,-16,-19.27735079
1663,-20,-19.28457728
1664,-19,-19.28173151
1665,-21,-19.29891419
1666,-21,-19.31592505
1667,-19,-19.3127658
1668,-19,-19.30963814
1669,-21,-19.32654176
1670,-18,-19.31327634
1671,-19,-19.31014358
1672,-21,-19.32704214
1673,-21,-19.34377172
1674,-21,-19.36033401
1675,-21,-19.37673067
1676,-20,-19.38296336
1677,-21,-19.39913373
1678,-18,-19.38514239
1679,-21,-19.40129096
1680,-20,-19.40727806
1681,-19,-19.40320527
1682,-17,-19.37917322
1683,-19,-19.37538149
1684,-17,-19.35162767
1685,-21,-19.3681114
1686,-21,-19.38443028
1687,-17,-19.36058598
1688,-21,-19.37698012
1689,-19,-19.37321032
1690,-21,-19.38947822
1691,-21,-19.40558343
1692,-21,-19.4215276
1693,-21,-19.43731232
1694,-17,-19.4129392
1695,-20,-19.41880981
1696,-19,-19.41462171
1697,-21,-19.43047549
1698,-19,-19.42617074
1699,-17,-19.40190903
1700,-17,-19.37788994
1701,-21,-19.39411104
1702,-21,-19.41016993
1703,-21,-19.42606823
1704,-19,-19.42180755
1705,-21,-19.43758947
1706,-17,-19.41321358
1707,-20,-19.41908144
1708,-20,-19.42489063
1709,-18,-19.41064172
1710,-21,-19.42653531
1711,-16,-19.39226995
1712,-20,-19.39834725
1713,-19,-19.39436378
1714,-17,-19.37042014
1715,-20,-19.37671594
1716,-16,-19.34294878
1717,-15,-19.29951929
1718,-21,-19.3165241
1719,-21,-19.33335886
1720,-17,-19.31002527
1721,-21,-19.32692502
1722,-21,-19.34365577
1723,-15,-19.30021921
1724,-19,-19.29721702
1725,-21,-19.31424485
1726,-14,-19.2611024
1727,-14,-19.20849138
1728,-16,-19.17640646
1729,-21,-19.1946424
1730,-13,-19.13269597
1731,-19,-19.13136901
1732,-19,-19.13005532
1733,-21,-19.14875477
1734,-17,-19.12726722
1735,-19,-19.12599455
1736,-19,-19.12473461
1737,-20,-19.13348726
1738,-19,-19.13215239
1739,-21,-19.15083086
1740,-19,-19.14932255
1741,-21,-19.16782933
1742,-21,-19.18615104
1743,-20,-19.19428953
1744,-19,-19.19234663
1745,-19,-19.19042316
1746,-14,-19.13851893
1747,-19,-19.13713374
1748,-18,-19.12576241
1749,-19,-19.12450478
1750,-19,-19.12325973
1751,-15,-19.08202714
1752,-17,-19.06120686
1753,-21,-19.0805948
1754,-20,-19.08978885
1755,-19,-19.08889096
1756,-18,-19.07800205
1757,-18,-19.06722203
1758,-21,-19.08654981
1759,-19,-19.08568431
1760,-21,-19.10482747
1761,-17,-19.08377919
1762,-19,-19.0829414
1763,-21,-19.10211199
1764,-17,-19.08109087
1765,-20,-19.09027996
1766,-19,-19.08937716
1767,-18,-19.07848339
1768,-21,-19.09769855
1769,-13,-19.03672157
1770,-17,-19.01635435
1771,-20,-19.02619081
1772,-20,-19.0359289
1773,-19,-19.03556961
1774,-19,-19.03521392
1775,-20,-19.04486178
1776,-14,-18.99441316
1777,-17,-18.97446903
1778,-19,-18.97472434
1779,-20,-18.98497709
1780,-21,-19.00512732
1781,-16,-18.97507605
1782,-19,-18.97532529
1783,-21,-18.99557204
1784,-21,-19.01561632
1785,-19,-19.01546015
1786,-21,-19.03530555
1787,-19,-19.0349525
1788,-19,-19.03460297
1789,-21,-19.05425694
1790,-19,-19.05371437
1791,-16,-19.02317723
1792,-19,-19.02294546
1793,-18,-19.012716
1794,-20,-19.02258884
1795,-19,-19.02236295
1796,-21,-19.04213932
1797,-18,-19.03171793
1798,-14,-18.98140075
1799,-18,-18.97158674
1800,-17,-18.95187088
1801,-20,-18.96235217
1802,-21,-18.98272865
1803,-19,-18.98290136
1804,-21,-19.00307234
1805,-17,-18.98304162
1806,-16,-18.95321121
1807,-19,-18.95367909
1808,-18,-18.9441423
1809,-15,-18.90470088
1810,-13,-18.84565387
1811,-17,-18.82719733
1812,-15,-18.78892536
1813,-21,-18.8110361
1814,-18,-18.80292574
1815,-16,-18.77489649
1816,-17,-18.75714752
1817,-19,-18.75957605
1818,-16,-18.73198029
1819,-20,-18.74466048
1820,-20,-18.75721388
1821,-18,-18.74964174
1822,-17,-18.73214532
1823,-17,-18.71482387
1824,-17,-18.69767563
1825,-18,-18.69069887
1826,-19,-18.69379189
1827,-20,-18.70685397
1828,-17,-18.68978543
1829,-19,-18.69288757
1830,-18,-18.6859587
1831,-19,-18.68909911
1832,-21,-18.71220812
1833,-16,-18.68508604
1834,-19,-18.68823518
1835,-20,-18.70135283
1836,-21,-18.7243393
1837,-20,-18.7370959
1838,-19,-18.73972494
1839,-18,-18.7323277
1840,-19,-18.73500442
1841,-18,-18.72765437
1842,-17,-18.71037783
1843,-16,-18.68327405
1844,-19,-18.68644131
1845,-19,-18.6895769
1846,-20,-18.70268113
1847,-18,-18.69565432
1848,-17,-18.67869778
1849,-21,-18.7019108
1850,-17,-18.68489169
1851,-15,-18.64804277
1852,-19,-18.65156234
1853,-19,-18.65504672
1854,-17,-18.63849625
1855,-18,-18.63211129
1856,-19,-18.63579018
1857,-19,-18.63943228
1858,-20,-18.65303795
1859,-15,-18.61650757
1860,-20,-18.6303425
1861,-18,-18.62403907
1862,-19,-18.62779868
1863,-20,-18.6415207
1864,-18,-18.63510549
1865,-20,-18.64875443
1866,-19,-18.65226689
1867,-19,-18.65574422
1868,-19,-18.65918678
1869,-16,-18.63259491
1870,-19,-18.63626896
1871,-17,-18.61990627
1872,-17,-18.60370721
1873,-19,-18.60767014
1874,-21,-18.63159344
1875,-17,-18.6152775
1876,-20,-18.62912473
1877,-19,-18.63283348
1878,-19,-18.63650514
1879,-20,-18.65014009
1880,-14,-18.60363869
1881,-21,-18.62760231
1882,-21,-18.65132628
1883,-21,-18.67481302
1884,-19,-18.67806489
1885,-19,-18.68128424
1886,-20,-18.6944714
1887,-19,-18.69752668
1888,-19,-18.70055142
1889,-15,-18.6635459
1890,-19,-18.66691044
1891,-19,-18.67024134
1892,-16,-18.64353893
1893,-21,-18.66710354
1894,-21,-18.6904325
1895,-18,-18.68352818
1896,-17,-18.66669289
1897,-17,-18.65002597
1898,-18,-18.64352571
1899,-19,-18.64709045
1900,-18,-18.64061954
1901,-20,
1902,-18,
1903,-21,
1904,-17,
1905,-20,
1906,-18,
1907,-17,
1908,-19,
1909,-21,
1910,-19,
1911,-21,
1912,-19,
1913,-21,
1914,-16,
1915,-15,
1916,-17,
1917,-20,
1918,-19,
1919,-19,
1920,-17,
1921,-20,
1922,-18,
1923,-20,
1924,-19,
1925,-15,
1926,-18,
1927,-18,
1928,-17,
1929,-19,
1930,-12,
1931,-17,
1932,-19,
1933,-19,
1934,-19,
1935,-13,
1936,-21,
1937,-16,
1938,-21,
1939,-14,
1940,-21,
1941,-19,
1942,-17,
1943,-20,
1944,-21,
1945,-17,
1946,-20,
1947,-15,
1948,-15,
1949,-19,
1950,-19,
1951,-19,
1952,-19,
1953,-19,
1954,-19,
1955,-16,
1956,-18,
1957,-21,
1958,-19,
1959,-16,
1960,-18,
1961,-16,
1962,-21,
1963,-19,
1964,-20,
1965,-17,
1966,-19,
1967,-17,
1968,-19,
1969,-19,
1970,-20,
1971,-19,
1972,-21,
1973,-15,
1974,-21,
1975,-20,
1976,-20,
1977,-18,
1978,-21,
1979,-19,
1980,-18,
1981,-19,
1982,-17,
1983,-18,
1984,-17,
1985,-19,
1986,-19,
1987,-17,
1988,-21,
1989,-18,
1990,-18,
1991,-20,
1992,-20,
1993,-21,
1994,-19,
1995,-19,
1996,-18,
1997,-20,
1998,-16,
1999,-21,
2000,-17,
2001,-20,
2002,-19,
2003,-17,
2004,-19,
2005,-16,
2006,-18,
2007,-19,
2008,-18,
2009,-21,
2010,-18,
2011,-17,
2012,-19,
2013,-21,
2014,-19,
2015,-18,
2016,-19,
2017,-19,
2018,-21,
2019,-17,
2020,-21,
2021,-21,
2022,-21,
2023,-21,
2024,-19,
2025,-17,
2026,-19,
2027,-21,
2028,-13,
2029,-16,
2030,-18,
2031,-17,
2032,-17,
2033,-19,
2034,-18,
2035,-15,
2036,-21,
2037,-18,
2038,-19,
2039,-16,
2040,-18,
2041,-20,
2042,-16,
2043,-20,
2044,-18,
2045,-16,
2046,-17,
2047,-20,
2048,-21,
2049,-15,
2050,-17,
2051,-19,
2052,-18,
2053,-16,
2054,-19,
2055,-18,
2056,-21,
2057,-21,
2058,-15,
2059,-16,
2060,-19,
2061,-15,
2062,-20,
2063,-18,
2064,-17,
2065,-18,
2066,-18,
2067,-16,
2068,-20,
2069,-21,
2070,-14,
2071,-19,
2072,-19,
2073,-16,
2074,-15,
2075,-19,
2076,-19,
2077,-15,
2078,-19,
2079,-17,
2080,-20,
2081,-17,
2082,-16,
2083,-21,
2084,-15,
2085,-20,
2086,-18,
2087,-21,
2088,-20,
2089,-18,
2090,-16,
2091,-18,
2092,-12,
2093,-18,
2094,-14,
2095,-15,
2096,-19,
2097,-19,
2098,-21,
2099,-15,
2100,-21,
2101,-16,
2102,-17,
2103,-18,
2104,-20,
2105,-16,
2106,-21,
2107,-18,
2108,-19,
2109,-17,
2110,-16,
2111,-19,
2112,-17,
2113,-16,
2114,-17,
2115,-18,
2116,-16,
2117,-19,
2118,-21,
2119,-20,
2120,-17,
2121,-12,
2122,-21,
2123,-17,
2124,-19,
2125,-14,
2126,-17,
2127,-15,
2128,-18,
2129,-21,
2130,-19,
2131,-19,
2132,-19,
2133,-17,
2134,-20,
2135,-19,
2136,-17,
2137,-18,
2138,-18,
2139,-17,
2140,-14,
2141,-19,
2142,-19,
2143,-10,
2144,-16,
2145,-14,
2146,-19,
2147,-17,
2148,-17,
2149,-19,
2150,-17,
2151,-21,
2152,-19,
2153,-16,
2154,-18,
2155,-18,
2156,-14,
2157,-17,
2158,-17,
2159,-17,
2160,-19,
2161,-19,
2162,-15,
2163,-17,
2164,-18,
2165,-19,
2166,-16,
2167,-17,
2168,-18,
2169,-20,
2170,-19,
2171,-18,
2172,-21,
2173,-21,
2174,-19,
2175,-18,
2176,-17,
2177,-18,
2178,-18,
2179,-16,
2180,-17,
2181,-19,
2182,-15,
2183,-19,
2184,-19,
2185,-17,
2186,-17,
2187,-20,
2188,-18,
2189,-17,
2190,-18,
2191,-19,
2192,-16,
2193,-16,
2194,-19,
2195,-18,
2196,-17,
2197,-21,
2198,-13,
2199,-20,
2200,-14,
2201,-17,
2202,-15,
2203,-19,
2204,-21,
2205,-17,
2206,-21,
2207,-20,
2208,-17,
2209,-19,
2210,-19,
2211,-17,
2212,-18,
2213,-17,
2214,-15,
2215,-19,
2216,-16,
2217,-15,
2218,-17,
2219,-19,
2220,-15,
2221,-15,
2222,-17,
2223,-19,
2224,-17,
2225,-17,
2226,-21,
2227,-19,
2228,-17,
2229,-18,
2230,-19,
2231,-19,
2232,-18,
2233,-19,
2234,-20,
2235,-19,
2236,-12,
2237,-17,
2238,-18,
2239,-18,
2240,-18,
2241,-15,
2242,-13,
2243,-16,
2244,-17,
2245,-15,
2246,-18,
2247,-20,
2248,-19,
2249,-17,
2250,-21,
2251,-18,
2252,-16,
2253,-17,
2254,-21,
2255,-19,
2256,-17,
2257,-16,
2258,-17,
2259,-17,
2260,-17,
2261,-16,
2262,-19,
2263,-15,
2264,-17,
2265,-17,
2266,-20,
2267,-17,
2268,-17,
2269,-14,
2270,-19,
2271,-20,
2272,-19,
2273,-18,
2274,-17,
2275,-18,
2276,-17,
2277,-15,
2278,-19,
2279,-17,
2280,-16,
2281,-17,
2282,-19,
2283,-16,
2284,-18,
2285,-19,
2286,-21,
2287,-21,
2288,-16,
2289,-17,
2290,-19,
2291,-20,
2292,-17,
2293,-17,
2294,-17,
2295,-21,
2296,-20,
2297,-16,
2298,-18,
2299,-19,
2300,-19,
2301,-18,
2302,-19,
2303,-21,
2304,-17,
2305,-18,
2306,-20,
2307,-20,
2308,-18,
2309,-20,
2310,-19,
2311,-18,
2312,-18,
2313,-15,
2314,-17,
2315,-19,
2316,-17,
2317,-17,
2318,-18,
2319,-17,
2320,-21,
2321,-16,
2322,-18,
2323,-21,
2324,-20,
2325,-19,
2326,-19,
2327,-16,
2328,-21,
2329,-13,
2330,-20,
2331,-21,
2332,-19,
2333,-17,
2334,-17,
2335,-20,
2336,-10,
2337,-21,
2338,-17,
2339,-19,
2340,-15,
2341,-21,
2342,-17,
2343,-15,
2344,-18,
2345,-19,
2346,-16,
2347,-16,
2348,-17,
2349,-20,
2350,-17,
2351,-17,
2352,-17,
2353,-16,
2354,-18,
2355,-17,
2356,-17,
2357,-20,
2358,-21,
2359,-16,
2360,-20,
2361,-17,
2362,-19,
2363,-21,
2364,-15,
2365,-16,
2366,-13,
2367,-20,
2368,-19,
2369,-12,
2370,-21,
2371,-21,
2372,-19,
2373,-20,
2374,-17,
2375,-21,
2376,-17,
2377,-19,
2378,-21,
2379,-15,
2380,-20,
2381,-15,
2382,-16,
2383,-18,
2384,-18,
2385,-13,
2386,-16,
2387,-17,
2388,-18,
2389,-17,
2390,-13,
2391,-17,
2392,-17,
2393,-19,
2394,-19,
2395,-19,
2396,-21,
2397,-13,
2398,-19,
2399,-19,
2400,-19,
2401,-19,
2402,-17,
2403,-18,
2404,-19,
2405,-19,
2406,-17,
2407,-18,
2408,-18,
2409,-19,
2410,-17,
2411,-19,
2412,-18,
2413,-18,
2414,-17,
2415,-19,
2416,-16,
2417,-17,
2418,-20,
2419,-21,
2420,-19,
2421,-17,
2422,-19,
2423,-17,
2424,-18,
2425,-17,
2426,-19,
2427,-18,
2428,-18,
2429,-17,
2430,-14,
2431,-14,
2432,-18,
2433,-16,
2434,-19,
2435,-13,
2436,-18,
2437,-17,
2438,-14,
2439,-15,
2440,-14,
2441,-17,
2442,-17,
2443,-19,
2444,-17,
2445,-19,
2446,-17,
2447,-19,
2448,-17,
2449,-16,
2450,-14,
2451,-16,
2452,-17,
2453,-16,
2454,-19,
2455,-20,
2456,-19,
2457,-18,
2458,-21,
2459,-17,
2460,-16,
2461,-15,
2462,-18,
2463,-19,
2464,-21,
2465,-21,
2466,-19,
2467,-20,
2468,-18,
2469,-21,
2470,-17,
2471,-19,
2472,-21,
2473,-19,
2474,-14,
2475,-18,
2476,-16,
2477,-19,
2478,-18,
2479,-9,
2480,-17,
2481,-16,
2482,-21,
2483,-15,
2484,-16,
2485,-16,
2486,-17,
2487,-19,
2488,-19,
2489,-16,
2490,-18,
2491,-15,
2492,-18,
2493,-18,
2494,-15,
2495,-14,
2496,-16,
2497,-18,
2498,-21,
2499,-18,
2500,-21,
2501,-19,
2502,-15,
2503,-16,
2504,-15,
2505,-15,
2506,-17,
2507,-12,
2508,-16,
2509,-16,
2510,-15,
2511,-19,
2512,-15,
2513,-19,
2514,-21,
2515,-19,
2516,-19,
2517,-18,
2518,-17,
2519,-20,
2520,-19,
2521,-18,
2522,-19,
2523,-15,
2524,-13,
2525,-12,
2526,-20,
2527,-19,
2528,-16,
2529,-17,
2530,-21,
2531,-17,
2532,-19,
2533,-19,
2534,-19,
2535,-21,
2536,-19,
2537,-14,
2538,-18,
2539,-20,
2540,-19,
2541,-19,
2542,-16,
2543,-15,
2544,-17,
2545,-9,
2546,-10,
2547,-15,
2548,-18,
2549,-15,
2550,-17,
2551,-17,
2552,-19,
2553,-19,
2554,-15,
2555,-16,
2556,-17,
2557,-21,
2558,-12,
2559,-16,
2560,-17,
2561,-19,
2562,-21,
2563,-21,
2564,-13,
2565,-15,
2566,-19,
2567,-19,
2568,-15,
2569,-16,
2570,-17,
2571,-20,
2572,-16,
2573,-21,
2574,-14,
2575,-20,
2576,-15,
2577,-16,
2578,-18,
2579,-21,
2580,-20,
2581,-19,
2582,-16,
2583,-17,
2584,-18,
2585,-18,
2586,-17,
2587,-16,
2588,-12,
2589,-19,
2590,-21,
2591,-16,
2592,-20,
2593,-17,
2594,-17,
2595,-18,
2596,-19,
2597,-16,
2598,-17,
2599,-17,
2600,-19,
2601,-17,
2602,-19,
2603,-20,
2604,-15,
2605,-19,
2606,-19,
2607,-14,
2608,-19,
2609,-15,
2610,-19,
2611,-19,
2612,-14,
2613,-16,
2614,-17,
2615,-19,
2616,-18,
2617,-15,
2618,-18,
2619,-19,
2620,-12,
2621,-15,
2622,-13,
2623,-19,
2624,-17,
2625,-17,
2626,-16,
2627,-18,
2628,-12,
2629,-17,
2630,-19,
2631,-21,
2632,-17,
2633,-15,
2634,-17,
2635,-18,
2636,-15,
2637,-16,
2638,-16,
2639,-17,
2640,-20,
2641,-17,
2642,-21,
2643,-15,
2644,-19,
2645,-13,
2646,-15,
2647,-18,
2648,-19,
2649,-13,
2650,-19,
2651,-16,
2652,-21,
2653,-21,
2654,-19,
2655,-18,
2656,-21,
2657,-13,
2658,-15,
2659,-17,
2660,-19,
2661,-18,
2662,-19,
2663,-17,
2664,-18,
2665,-18,
2666,-20,
2667,-19,
2668,-19,
2669,-15,
2670,-13,
2671,-19,
2672,-13,
2673,-19,
2674,-13,
2675,-16,
2676,-18,
2677,-19,
2678,-15,
2679,-14,
2680,-18,
2681,-14,
2682,-17,
2683,-17,
2684,-19,
2685,-21,
2686,-11,
2687,-17,
2688,-17,
2689,-18,
2690,-18,
2691,-15,
2692,-18,
2693,-15,
2694,-17,
2695,-17,
2696,-17,
2697,-15,
2698,-14,
2699,-17,
2700,-11,
2701,-15,
2702,-21,
2703,-17,
2704,-17,
2705,-16,
2706,-16,
2707,-17,
2708,-17,
2709,-17,
2710,-21,
2711,-18,
2712,-19,
2713,-13,
2714,-10,
2715,-19,
2716,-11,
2717,-14,
2718,-17,
2719,-18,
2720,-20,
2721,-18,
2722,-19,
2723,-20,
2724,-16,
2725,-19,
2726,-21,
2727,-17,
2728,-13,
2729,-17,
2730,-16,
2731,-17,
2732,-20,
2733,-16,
2734,-17,
2735,-21,
2736,-16,
2737,-15,
2738,-19,
2739,-15,
2740,-16,
2741,-19,
2742,-19,
2743,-19,
2744,-17,
2745,-15,
2746,-16,
2747,-14,
2748,-15,
2749,-18,
2750,-19,
2751,-13,
2752,-17,
2753,-21,
2754,-14,
2755,-21,
2756,-19,
2757,-17,
2758,-15,
2759,-20,
2760,-15,
2761,-18,
2762,-19,
2763,-15,
2764,-17,
2765,-16,
2766,-21,
2767,-15,
2768,-19,
2769,-11,
2770,-15,
2771,-21,
2772,-19,
2773,-17,
2774,-18,
2775,-17,
2776,-19,
2777,-18,
2778,-9,
2779,-19,
2780,-20,
2781,-14,
2782,-15,
2783,-8,
2784,-15,
2785,-17,
2786,-20,
2787,-19,
2788,-19,
2789,-16,
2790,-15,
2791,-19,
2792,-17,
2793,-14,
2794,-13,
2795,-9,
2796,-17,
2797,-15,
2798,-17,
2799,-15,
2800,-19,
2801,-11,
2802,-18,
2803,-20,
2804,-17,
2805,-13,
2806,-19,
2807,-12,
2808,-17,
2809,-17,
2810,-19,
2811,-16,
2812,-19,
2813,-17,
2814,-15,
2815,-16,
2816,-21,
2817,-21,
2818,-21,
2819,-17,
2820,-17,
2821,-17,
2822,-17,
2823,-21,
2824,-17,
2825,-18,
2826,-16,
2827,-13,
2828,-17,
2829,-17,
2830,-16,
2831,-15,
2832,-19,
2833,-14,
2834,-17,
2835,-19,
2836,-19,
2837,-14,
2838,-17,
2839,-18,
2840,-19,
2841,-14,
2842,-21,
2843,-13,
2844,-17,
2845,-17,
2846,-16,
2847,-13,
2848,-16,
2849,-21,
2850,-17,
2851,-12,
2852,-18,
2853,-16,
2854,-19,
2855,-13,
2856,-19,
2857,-15,
2858,-13,
2859,-18,
2860,-13,
2861,-15,
2862,-21,
2863,-16,
2864,-17,
2865,-20,
2866,-19,
2867,-21,
2868,-16,
2869,-13,
2870,-13,
2871,-16,
2872,-13,
2873,-18,
2874,-18,
2875,-21,
2876,-15,
2877,-21,
2878,-16,
2879,-18,
2880,-17,
2881,-17,
2882,-16,
2883,-15,
2884,-17,
2885,-14,
2886,-17,
2887,-9,
2888,-13,
2889,-15,
2890,-19,
2891,-9,
2892,-17,
2893,-19,
2894,-17,
2895,-19,
2896,-14,
2897,-16,
2898,-13,
2899,-18,
2900,-17,
2901,-17,
2902,-15,
2903,-13,
2904,-20,
2905,-17,
2906,-19,
2907,-17,
2908,-14,
2909,-18,
2910,-17,
2911,-19,
2912,-14,
2913,-17,
2914,-16,
2915,-20,
2916,-21,
2917,-19,
2918,-21,
2919,-21,
2920,-21,
2921,-12,
2922,-17,
2923,-17,
2924,-14,
2925,-18,
2926,-13,
2927,-15,
2928,-16,
2929,-18,
2930,-18,
2931,-16,
2932,-13,
2933,-15,
2934,-16,
2935,-19,
2936,-19,
2937,-15,
2938,-20,
2939,-17,
2940,-14,
2941,-21,
2942,-15,
2943,-18,
2944,-19,
2945,-18,
2946,-13,
2947,-19,
2948,-19,
2949,-15,
2950,-19,
2951,-14,
2952,-19,
2953,-19,
2954,-21,
2955,-13,
2956,-17,
2957,-20,
2958,-17,
2959,-18,
2960,-19,
2961,-17,
2962,-17,
2963,-14,
2964,-11,
2965,-18,
2966,-15,
2967,-14,
2968,-21,
2969,-16,
2970,-16,
2971,-15,
2972,-13,
2973,-19,
2974,-16,
2975,-18,
2976,-17,
2977,-17,
2978,-13,
2979,-20,
2980,-15,
2981,-18,
2982,-18,
2983,-18,
2984,-10,
2985,-16,
2986,-13,
2987,-16,
2988,-9,
2989,-15,
2990,-21,
2991,-20,
2992,-14,
2993,-14,
2994,-18,
2995,-17,
2996,-12,
2997,-17,
2998,-17,
2999,-19,
3000,-15,
3001,-14,
3002,-20,
3003,-11,
3004,-15,
3005,-14,
3006,-19,
3007,-11,
3008,-17,
3009,-19,
3010,-19,
3011,-17,
3012,-20,
3013,-17,
3014,-18,
3015,-13,
3016,-17,
3017,-15,
3018,-18,
3019,-18,
3020,-16,
3021,-19,
3022,-18,
3023,-17,
3024,-20,
3025,-18,
3026,-19,
3027,-13,
3028,-17,
3029,-18,
3030,-14,
3031,-18,
3032,-18,
3033,-17,
3034,-18,
3035,-16,
3036,-13,
3037,-18,
3038,-18,
3039,-20,
3040,-20,
3041,-17,
3042,-18,
3043,-20,
3044,-14,
3045,-19,
3046,-20,
3047,-17,
3048,-13,
3049,-11,
3050,-21,
3051,-18,
3052,-17,
3053,-16,
3054,-12,
3055,-16,
3056,-14,
3057,-20,
3058,-17,
3059,-14,
3060,-17,
3061,-18,
3062,-17,
3063,-18,
3064,-13,
3065,-16,
3066,-21,
3067,-16,
3068,-14,
3069,-17,
3070,-19,
3071,-12,
3072,-16,
3073,-15,
3074,-20,
3075,-19,
3076,-16,
3077,-17,
3078,-19,
3079,-21,
3080,-11,
3081,-14,
3082,-17,
3083,-17,
3084,-21,
3085,-17,
3086,-11,
3087,-16,
3088,-17,
3089,-19,
3090,-17,
3091,-18,
3092,-17,
3093,-15,
3094,-18,
3095,-17,
3096,-20,
3097,-11,
3098,-19,
3099,-17,
3100,-15,
3101,-18,
3102,-17,
3103,-16,
3104,-17,
3105,-15,
3106,-15,
3107,-12,
3108,-16,
3109,-12,
3110,-14,
3111,-16,
3112,-13,
3113,-16,
3114,-15,
3115,-13,
3116,-15,
3117,-13,
3118,-16,
3119,-12,
3120,-21,
3121,-17,
3122,-12,
3123,-18,
3124,-21,
3125,-14,
3126,-16,
3127,-19,
3128,-14,
3129,-15,
3130,-19,
3131,-19,
3132,-19,
3133,-16,
3134,-12,
3135,-13,
3136,-19,
3137,-17,
3138,-18,
3139,-17,
3140,-15,
3141,-19,
3142,-15,
3143,-19,
3144,-13,
3145,-19,
3146,-19,
3147,-19,
3148,-14,
3149,-15,
3150,-7,
3151,-18,
3152,-16,
3153,-15,
3154,-15,
3155,-16,
3156,-17,
3157,-18,
3158,-15,
3159,-17,
3160,-17,
3161,-17,
3162,-18,
3163,-17,
3164,-17,
3165,-19,
3166,-11,
3167,-19,
3168,-16,
3169,-21,
3170,-19,
3171,-15,
3172,-19,
3173,-12,
3174,-21,
3175,-14,
3176,-17,
3177,-19,
3178,-13,
3179,-17,
3180,-11,
3181,-12,
3182,-12,
3183,-16,
3184,-18,
3185,-18,
3186,-15,
3187,-17,
3188,-19,
3189,-16,
3190,-21,
3191,-10,
3192,-17,
3193,-16,
3194,-14,
3195,-21,
3196,-14,
3197,-15,
3198,-19,
3199,-21,
3200,-13,
3201,-14,
3202,-15,
3203,-18,
3204,-17,
3205,-20,
3206,-11,
3207,-16,
3208,-19,
3209,-11,
3210,-14,
3211,-20,
3212,-20,
3213,-13,
3214,-15,
3215,-18,
3216,-16,
3217,-15,
3218,-14,
3219,-13,
3220,-19,
3221,-14,
3222,-11,
3223,-20,
3224,-13,
3225,-17,
3226,-12,
3227,-19,
3228,-20,
3229,-18,
3230,-18,
3231,-15,
3232,-21,
3233,-16,
3234,-17,
3235,-17,
3236,-18,
3237,-17,
3238,-16,
3239,-17,
3240,-18,
3241,-18,
3242,-18,
3243,-10,
3244,-15,
3245,-15,
3246,-13,
3247,-15,
3248,-14,
3249,-15,
3250,-14,
3251,-9,
3252,-17,
3253,-16,
3254,-18,
3255,-19,
3256,-8,
3257,-13,
3258,-17,
3259,-11,
3260,-17,
3261,-16,
3262,-10,
3263,-15,
3264,-15,
3265,-18,
3266,-9,
3267,-11,
3268,-15,
3269,-15,
3270,-19,
3271,-17,
3272,-12,
3273,-10,
3274,-19,
3275,-17,
3276,-18,
3277,-15,
3278,-17,
3279,-16,
3280,-17,
3281,-18,
3282,-18,
3283,-14,
3284,-21,
3285,-19,
3286,-13,
3287,-18,
3288,-15,
3289,-14,
3290,-14,
3291,-17,
3292,-13,
3293,-14,
3294,-17,
3295,-20,
3296,-19,
3297,-18,
3298,-17,
3299,-17,
3300,-19,
3301,-12,
3302,-9,
3303,-15,
3304,-18,
3305,-14,
3306,-13,
3307,-19,
3308,-17,
3309,-14,
3310,-16,
3311,-9,
3312,-19,
3313,-12,
3314,-13,
3315,-19,
3316,-7,
3317,-14,
3318,-19,
3319,-14,
3320,-10,
3321,-19,
3322,-10,
3323,-17,
3324,-18,
3325,-11,
3326,-17,
3327,-17,
3328,-12,
3329,-18,
3330,-14,
3331,-15,
3332,-17,
3333,-16,
3334,-19,
3335,-11,
3336,-21,
3337,-15,
3338,-19,
3339,-16,
3340,-13,
3341,-12,
3342,-19,
3343,-18,
3344,-13,
3345,-16,
3346,-11,
3347,-15,
3348,-16,
3349,-18,
3350,-21,
3351,-21,
3352,-12,
3353,-19,
3354,-5,
3355,-15,
3356,-11,
3357,-15,
3358,-18,
3359,-10,
3360,-19,
3361,-13,
3362,-19,
3363,-19,
3364,-20,
3365,-14,
3366,-17,
3367,-15,
3368,-20,
3369,-12,
3370,-15,
3371,-20,
3372,-15,
3373,-16,
3374,-10,
3375,-10,
3376,-15,
3377,-12,
3378,-20,
3379,-12,
3380,-17,
3381,-20,
3382,-13,
3383,-10,
3384,-17,
3385,-18,
3386,-15,
3387,-15,
3388,-12,
3389,-14,
3390,-20,
3391,-15,
3392,-18,
3393,-13,
3394,-17,
3395,-16,
3396,-19,
3397,-15,
3398,-19,
3399,-14,
3400,-17,
3401,-10,
3402,-19,
3403,-15,
3404,-15,
3405,-16,
3406,-17,
3407,-18,
3408,-19,
3409,-17,
3410,-14,
3411,-17,
3412,-13,
3413,-15,
3414,-16,
3415,-19,
3416,-19,
3417,-19,
3418,-13,
3419,-18,
3420,-17,
3421,-16,
3422,-11,
3423,-19,
3424,-15,
3425,-18,
3426,-12,
3427,-21,
3428,-14,
3429,-14,
3430,-21,
3431,-13,
3432,-17,
3433,-9,
3434,-20,
3435,-15,
3436,-11,
3437,-9,
3438,-13,
3439,-16,
3440,-18,
3441,-15,
3442,-17,
3443,-16,
3444,-15,
3445,-19,
3446,-16,
3447,-17,
3448,-14,
3449,-12,
3450,-9,
3451,-13,
3452,-18,
3453,-13,
3454,-16,
3455,-10,
3456,-17,
3457,-15,
3458,-13,
3459,-19,
3460,-17,
3461,-14,
3462,-15,
3463,-11,
3464,-17,
3465,-8,
3466,-15,
3467,-15,
3468,-16,
3469,-12,
3470,-17,
3471,-15,
3472,-13,
3473,-13,
3474,-12,
3475,-19,
3476,-18,
3477,-15,
3478,-15,
3479,-11,
3480,-19,
3481,-10,
3482,-19,
3483,-15,
3484,-17,
3485,-17,
3486,-13,
3487,-15,
3488,-14,
3489,-20,
3490,-15,
3491,-17,
3492,-12,
3493,-19,
3494,-16,
3495,-9,
3496,-15,
3497,-14,
3498,-19,
3499,-17,
3500,-18,
3501,-16,
3502,-13,
3503,-15,
3504,-9,
3505,-10,
3506,-17,
3507,-13,
3508,-18,
3509,-20,
3510,-15,
3511,-15,
3512,-15,
3513,-16,
3514,-15,
3515,-11,
3516,-15,
3517,-16,
3518,-20,
3519,-15,
3520,-9,
3521,-16,
3522,-6,
3523,-16,
3524,-15,
3525,-15,
3526,-19,
3527,-17,
3528,-17,
3529,-17,
3530,-15,
3531,-18,
3532,-17,
3533,-12,
3534,-14,
3535,-19,
3536,-11,
3537,-15,
3538,-15,
3539,-7,
3540,-15,
3541,-21,
3542,-19,
3543,-12,
3544,-14,
3545,-13,
3546,-14,
3547,-17,
3548,-10,
3549,-17,
3550,-16,
3551,-11,
3552,-17,
3553,-17,
3554,-18,
3555,-17,
3556,-13,
3557,-11,
3558,-19,
3559,-13,
3560,-19,
3561,-17,
3562,-16,
3563,-10,
3564,-17,
3565,-18,
3566,-8,
3567,-14,
3568,-15,
3569,-17,
3570,-15,
3571,-18,
3572,-16,
3573,-13,
3574,-20,
3575,-18,
3576,-12,
3577,-13,
3578,-18,
3579,-9,
3580,-13,
3581,-15,
3582,-15,
3583,-14,
3584,-17,
3585,-18,
3586,-15,
3587,-18,
3588,-18,
3589,-13,
3590,-17,
3591,-14,
3592,-10,
3593,-19,
3594,-19,
3595,-11,
3596,-17,
3597,-16,
3598,-15,
3599,-18,
3600,-9,
3601,-12,
3602,-17,
3603,-14,
3604,-16,
3605,-9,
3606,-17,
3607,-9,
3608,-11,
3609,-18,
3610,-19,
3611,-12,
3612,-21,
3613,-18,
3614,-12,
3615,-19,
3616,-7,
3617,-11,
3618,-14,
3619,-14,
3620,-12,
3621,-18,
3622,-16,
3623,-12,
3624,-9,
3625,-10,
3626,-12,
3627,-12,
3628,-18,
3629,-13,
3630,-17,
3631,-17,
3632,-17,
3633,-16,
3634,-15,
3635,-17,
3636,-18,
3637,-16,
3638,-17,
3639,-7,
3640,-14,
3641,-20,
3642,-20,
3643,-16,
3644,-12,
3645,-14,
3646,-10,
3647,-12,
3648,-15,
3649,-20,
3650,-13,
3651,-14,
3652,-13,
3653,-11,
3654,-9,
3655,-21,
3656,-13,
3657,-17,
3658,-13,
3659,-13,
3660,-12,
3661,-12,
3662,-15,
3663,-14,
3664,-17,
3665,-19,
3666,-15,
3667,-11,
3668,-13,
3669,-13,
3670,-20,
3671,-15,
3672,-15,
3673,-14,
3674,-18,
3675,-13,
3676,-18,
3677,-8,
3678,-10,
3679,-17,
3680,-17,
3681,-12,
3682,-18,
3683,-17,
3684,-17,
3685,-21,
3686,-5,
3687,-10,
3688,-15,
3689,-13,
3690,-9,
3691,-15,
3692,-14,
3693,-17,
3694,-12,
3695,-13,
3696,-12,
3697,-13,
3698,-12,
3699,-12,
3700,-13,
3701,-15,
3702,-9,
3703,-15,
3704,-17,
3705,-14,
3706,-18,
3707,-17,
3708,-14,
3709,-19,
3710,-12,
3711,-12,
3712,-18,
3713,-16,
3714,-19,
3715,-19,
3716,-15,
3717,-19,
3718,-18,
3719,-9,
3720,-15,
3721,-17,
3722,-11,
3723,-18,
3724,-15,
3725,-14,
3726,-14,
3727,-15,
3728,-15,
3729,-12,
3730,-11,
3731,-14,
3732,-17,
3733,-14,
3734,-10,
3735,-15,
3736,-16,
3737,-15,
3738,-5,
3739,-16,
3740,-17,
3741,-17,
3742,-20,
3743,-19,
3744,-15,
3745,-19,
3746,-11,
3747,-10,
3748,-12,
3749,-17,
3750,-14,
3751,-15,
3752,-15,
3753,-12,
3754,-17,
3755,-19,
3756,-11,
3757,-18,
3758,-13,
3759,-14,
3760,-18,
3761,-15,
3762,-19,
3763,-17,
3764,-7,
3765,-16,
3766,-15,
3767,-19,
3768,-13,
3769,-12,
3770,-12,
3771,-15,
3772,-16,
3773,-17,
3774,-11,
3775,-12,
3776,-16,
3777,-11,
3778,-15,
3779,-14,
3780,-18,
3781,-18,
3782,-17,
3783,-16,
3784,-15,
3785,-13,
3786,-17,
3787,-17,
3788,-13,
3789,-18,
3790,-16,
3791,-16,
3792,-21,
3793,-10,
3794,-18,
3795,-13,
3796,-15,
3797,-16,
3798,-16,
3799,-15,
3800,-15,
3801,-12,
3802,-14,
3803,-13,
3804,-20,
3805,-10,
3806,-13,
3807,-13,
3808,-12,
3809,-14,
3810,-13,
3811,-20,
3812,-17,
3813,-19,
3814,-13,
3815,-14,
3816,-16,
3817,-14,
3818,-17,
3819,-14,
3820,-16,
3821,-17,
3822,-16,
3823,-12,
3824,-16,
3825,-19,
3826,-16,
3827,-17,
3828,-14,
3829,-15,
3830,-15,
3831,-18,
3832,-18,
3833,-20,
3834,-14,
3835,-13,
3836,-18,
3837,-9,
3838,-13,
3839,-15,
3840,-14,
3841,-12,
3842,-17,
3843,-14,
3844,-17,
3845,-18,
3846,-14,
3847,-20,
3848,-18,
3849,-19,
3850,-15,
3851,-9,
3852,-16,
3853,-18,
3854,-15,
3855,-18,
3856,-17,
3857,-18,
3858,-20,
3859,-17,
3860,-20,
3861,-18,
3862,-17,
3863,-14,
3864,-11,
3865,-11,
3866,-18,
3867,-16,
3868,-19,
3869,-11,
3870,-17,
3871,-18,
3872,-15,
3873,-11,
3874,-16,
3875,-7,
3876,-18,
3877,-14,
3878,-19,
3879,-15,
3880,-14,
3881,-18,
3882,-12,
3883,-17,
3884,-16,
3885,-14,
3886,-13,
3887,-17,
3888,-17,
3889,-13,
3890,-17,
3891,-7,
3892,-13,
3893,-14,
3894,-21,
3895,-17,
3896,-11,
3897,-12,
3898,-17,
3899,-17,
3900,-11,
3901,-16,
3902,-14,
3903,-16,
3904,-14,
3905,-17,
3906,-13,
3907,-18,
3908,-15,
3909,-12,
3910,-18,
3911,-18,
3912,-16,
3913,-18,
3914,-20,
3915,-12,
3916,-16,
3917,-13,
3918,-13,
3919,-9,
3920,-20,
3921,-17,
3922,-20,
3923,-11,
3924,-13,
3925,-10,
3926,-13,
3927,-7,
3928,-15,
3929,-18,
3930,-9,
3931,-17,
3932,-13,
3933,-10,
3934,-15,
3935,-16,
3936,-11,
3937,-16,
3938,-15,
3939,-16,
3940,-15,
3941,-14,
3942,-15,
3943,-12,
3944,-13,
3945,-17,
3946,-14,
3947,-16,
3948,-13,
3949,-10,
3950,-9,
3951,-20,
3952,-17,
3953,-8,
3954,-14,
3955,-12,
3956,-15,
3957,-18,
3958,-13,
3959,-13,
3960,-11,
3961,-15,
3962,-13,
3963,-14,
3964,-12,
3965,-5,
3966,-4,
3967,-14,
3968,-14,
3969,-11,
3970,-13,
3971,-18,
3972,-16,
3973,-15,
3974,-12,
3975,-15,
3976,-16,
3977,-13,
3978,-12,
3979,-10,
3980,-16,
3981,-17,
3982,-15,
3983,-13,
3984,-13,
3985,-16,
3986,-17,
3987,-17,
3988,-13,
3989,-12,
3990,-16,
3991,-6,
3992,-17,
3993,-10,
3994,-14,
3995,-17,
3996,-13,
3997,-20,
3998,-9,
3999,-14,
4000,-14,
4001,-17,
4002,-14,
4003,-15,
4004,-15,
4005,-17,
4006,-15,
4007,-15,
4008,-12,
4009,-19,
4010,-17,
4011,-13,
4012,-17,
4013,-18,
4014,-17,
4015,-19,
4016,-15,
4017,-18,
4018,-11,
4019,-12,
4020,-11,
4021,-19,
4022,-13,
4023,-14,
4024,-15,
4025,-10,
4026,-15,
4027,-18,
4028,-15,
4029,-12,
4030,-19,
4031,-20,
4032,-11,
4033,-9,
4034,-9,
4035,-16,
4036,-16,
4037,-16,
4038,-19,
4039,-17,
4040,-19,
4041,-18,
4042,-10,
4043,-11,
4044,-14,
4045,-19,
4046,-13,
4047,-19,
4048,-13,
4049,-10,
4050,-11,
4051,-8,
4052,-18,
4053,-18,
4054,-10,
4055,-18,
4056,-16,
4057,-17,
4058,-18,
4059,-15,
4060,-17,
4061,-14,
4062,-12,
4063,-6,
4064,-10,
4065,-17,
4066,-17,
4067,-16,
4068,-9,
4069,-9,
4070,-10,
4071,-17,
4072,-17,
4073,-10,
4074,-17,
4075,-9,
4076,-18,
4077,-14,
4078,-13,
4079,-16,
4080,-13,
4081,-19,
4082,-17,
4083,-11,
4084,-12,
4085,-11,
4086,-13,
4087,-15,
4088,-16,
4089,-14,
4090,-15,
4091,-13,
4092,-13,
4093,-17,
4094,-10,
4095,-19,
4096,-13,
4097,-16,
4098,-15,
4099,-9,
4100,-15,
4101,-15,
4102,-15,
4103,-13,
4104,-11,
4105,-11,
4106,-13,
4107,-17,
4108,-17,
4109,-21,
4110,-15,
4111,-15,
4112,-15,
4113,-12,
4114,-17,
4115,-17,
4116,-17,
4117,-13,
4118,-13,
4119,-17,
4120,-12,
4121,-19,
4122,-10,
4123,-13,
4124,-21,
4125,-16,
4126,-18,
4127,-15,
4128,-9,
4129,-14,
4130,-10,
4131,-16,
4132,-12,
4133,-18,
4134,-10,
4135,-17,
4136,-18,
4137,-17,
4138,-8,
4139,-7,
4140,-10,
4141,-11,
4142,-14,
4143,-16,
4144,-10,
4145,-12,
4146,-16,
4147,-5,
4148,-13,
4149,-13,
4150,-16,
4151,-16,
4152,-4,
4153,-19,
4154,-17,
4155,-15,
4156,-19,
4157,-7,
4158,-11,
4159,-14,
4160,-9,
4161,-12,
4162,-13,
4163,-15,
4164,-18,
4165,-16,
4166,-13,
4167,-17,
4168,-12,
4169,-15,
4170,-13,
4171,-14,
4172,-17,
4173,-10,
4174,-19,
4175,-16,
4176,-16,
4177,-12,
4178,-17,
4179,-18,
4180,-17,
4181,-9,
4182,-15,
4183,-19,
4184,-16,
4185,-21,
4186,-12,
4187,-15,
4188,-16,
4189,-15,
4190,-16,
4191,-10,
4192,-18,
4193,-18,
4194,-14,
4195,-18,
4196,-18,
4197,-5,
4198,-15,
4199,-15,
4200,-17,
4201,-11,
4202,-16,
4203,-17,
4204,-17,
4205,-5,
4206,-14,
4207,-8,
4208,-11,
4209,-17,
4210,-12,
4211,-11,
4212,-15,
4213,-11,
4214,-11,
4215,-13,
4216,-12,
4217,-15,
4218,-14,
4219,-18,
4220,-12,
4221,-10,
4222,-13,
4223,-10,
4224,-8,
4225,-11,
4226,-12,
4227,-13,
4228,-9,
4229,-16,
4230,-13,
4231,-14,
4232,-16,
4233,-17,
4234,-16,
4235,-16,
4236,-14,
4237,-10,
4238,-21,
4239,-17,
4240,-17,
4241,-17,
4242,-16,
4243,-10,
4244,-17,
4245,-12,
4246,-12,
4247,-16,
4248,-14,
4249,-11,
4250,-11,
4251,-16,
4252,-12,
4253,-18,
4254,-12,
4255,-17,
4256,-13,
4257,-14,
4258,-10,
4259,-14,
4260,-15,
4261,-14,
4262,-13,
4263,-16,
4264,-9,
4265,-9,
4266,-15,
4267,-11,
4268,-11,
4269,-14,
4270,-20,
4271,-15,
4272,-3,
4273,-13,
4274,-15,
4275,-15,
4276,-17,
4277,-18,
4278,-16,
4279,-15,
4280,-18,
4281,-18,
4282,-8,
4283,-18,
4284,-14,
4285,-10,
4286,-11,
4287,-17,
4288,-14,
4289,-17,
4290,-17,
4291,-18,
4292,-10,
4293,-15,
4294,-12,
4295,-11,
4296,-14,
4297,-10,
4298,-15,
4299,-19,
4300,-12,
4301,-19,
4302,-20,
4303,-16,
4304,-18,
4305,-15,
4306,-15,
4307,-14,
4308,-12,
4309,-13,
4310,-15,
4311,-15,
4312,-18,
4313,-15,
4314,-17,
4315,-16,
4316,-12,
4317,-17,
4318,-17,
4319,-17,
4320,-20,
4321,-14,
4322,-16,
4323,-13,
4324,-14,
4325,-16,
4326,-15,
4327,-7,
4328,-14,
4329,-9,
4330,-12,
4331,-16,
4332,-16,
4333,-15,
4334,-10,
4335,-15,
4336,-15,
4337,-15,
4338,-13,
4339,-17,
4340,-15,
4341,-7,
4342,-15,
4343,-20,
4344,-18,
4345,-18,
4346,-17,
4347,-11,
4348,-12,
4349,-15,
4350,-15,
4351,-13,
4352,-10,
4353,-11,
4354,-3,
4355,-9,
4356,-15,
4357,-15,
4358,-10,
4359,-15,
4360,-15,
4361,-16,
4362,-13,
4363,-14,
4364,-15,
4365,-11,
4366,-15,
4367,-16,
4368,-14,
4369,-9,
4370,-16,
4371,-12,
4372,-14,
4373,-14,
4374,-12,
4375,-19,
4376,-17,
4377,-16,
4378,-17,
4379,-14,
4380,-12,
4381,-14,
4382,-11,
4383,-14,
4384,-15,
4385,-16,
4386,-13,
4387,-13,
4388,-15,
4389,-13,
4390,-19,
4391,-8,
4392,-19,
4393,-18,
4394,-18,
4395,-15,
4396,-9,
4397,-14,
4398,-11,
4399,-11,
4400,-14,
4401,-6,
4402,-8,
4403,-11,
4404,-18,
4405,-13,
4406,-16,
4407,-14,
4408,-10,
4409,-13,
4410,-15,
4411,-19,
4412,-13,
4413,-14,
4414,-7,
4415,-14,
4416,-11,
4417,-19,
4418,-9,
4419,-15,
4420,-13,
4421,-10,
4422,-10,
4423,-13,
4424,-15,
4425,-16,
4426,-13,
4427,-17,
4428,-12,
4429,-17,
4430,-13,
4431,-21,
4432,-13,
4433,-16,
4434,-18,
4435,-15,
4436,-20,
4437,-11,
4438,-10,
4439,-12,
4440,-15,
4441,-12,
4442,-15,
4443,-11,
4444,-9,
4445,-15,
4446,-17,
4447,-14,
4448,-15,
4449,-16,
4450,-13,
4451,-11,
4452,-7,
4453,-10,
4454,-15,
4455,-8,
4456,-17,
4457,-13,
4458,-14,
4459,-14,
4460,-15,
4461,-9,
4462,-15,
4463,-13,
4464,-17,
4465,-15,
4466,-14,
4467,-10,
4468,-17,
4469,-10,
4470,-15,
4471,-5,
4472,-10,
4473,-9,
4474,-15,
4475,-12,
4476,-15,
4477,-8,
4478,-18,
4479,-16,
4480,-11,
4481,-14,
4482,-9,
4483,-19,
4484,-9,
4485,-19,
4486,-17,
4487,-16,
4488,-9,
4489,-14,
4490,-7,
4491,-15,
4492,-19,
4493,-16,
4494,-11,
4495,-12,
4496,-13,
4497,-13,
4498,-18,
4499,-13,
4500,-10,
4501,-16,
4502,-17,
4503,-17,
4504,-16,
4505,-19,
4506,-9,
4507,-7,
4508,-11,
4509,-10,
4510,-20,
4511,-15,
4512,-8,
4513,-19,
4514,-14,
4515,-19,
4516,-13,
4517,-16,
4518,-13,
4519,-16,
4520,-12,
4521,-11,
4522,-18,
4523,-21,
4524,-12,
4525,-13,
4526,-12,
4527,-8,
4528,-14,
4529,-18,
4530,-16,
4531,-16,
4532,-9,
4533,-9,
4534,-13,
4535,-16,
4536,-11,
4537,-11,
4538,-15,
4539,-12,
4540,-12,
4541,-14,
4542,-15,
4543,-14,
4544,-15,
4545,-8,
4546,-13,
4547,-13,
4548,-17,
4549,-14,
4550,-18,
4551,-12,
4552,-11,
4553,-13,
4554,-15,
4555,-12,
4556,-16,
4557,-20,
4558,-12,
4559,-5,
4560,-9,
4561,-11,
4562,-12,
4563,-14,
4564,-12,
4565,-12,
4566,-9,
4567,-12,
4568,-4,
4569,-13,
4570,-16,
4571,-13,
4572,-11,
4573,-18,
4574,-16,
4575,-9,
4576,-13,
4577,-15,
4578,-14,
4579,-17,
4580,-15,
4581,-19,
4582,-14,
4583,-15,
4584,-18,
4585,-9,
4586,-4,
4587,-15,
4588,-14,
4589,-17,
4590,-11,
4591,-9,
4592,-16,
4593,-9,
4594,-12,
4595,-13,
4596,-8,
4597,-16,
4598,-9,
4599,-19,
4600,-10,
4601,-12,
4602,-11,
4603,-8,
4604,-13,
4605,-15,
4606,-11,
4607,-15,
4608,-17,
4609,-13,
4610,-12,
4611,-18,
4612,-15,
4613,-14,
4614,-5,
4615,-14,
4616,-16,
4617,-18,
4618,-16,
4619,-15,
4620,-14,
4621,-12,
4622,-12,
4623,-15,
4624,-17,
4625,-12,
4626,-17,
4627,-12,
4628,-11,
4629,-14,
4630,-17,
4631,-10,
4632,-14,
4633,-13,
4634,-20,
4635,-18,
4636,-14,
4637,-15,
4638,-15,
4639,-8,
4640,-10,
4641,-16,
4642,-10,
4643,-15,
4644,-14,
4645,-14,
4646,-19,
4647,-10,
4648,-18,
4649,-20,
4650,-10,
4651,-15,
4652,-19,
4653,-17,
4654,-15,
4655,-12,
4656,-13,
4657,-10,
4658,-16,
4659,-18,
4660,-18,
4661,-19,
4662,-14,
4663,-13,
4664,-18,
4665,-13,
4666,-17,
4667,-15,
4668,-17,
4669,-14,
4670,-13,
4671,-16,
4672,-12,
4673,-13,
4674,-17,
4675,-14,
4676,-13,
4677,-15,
4678,-16,
4679,-8,
4680,-15,
4681,-9,
4682,-16,
4683,-14,
4684,-14,
4685,-17,
4686,-11,
4687,-9,
4688,-15,
4689,-13,
4690,-10,
4691,-19,
4692,-16,
4693,-17,
4694,-13,
4695,-13,
4696,-11,
4697,-9,
4698,-11,
4699,-13,
4700,-12,
4701,-14,
4702,-14,
4703,-9,
4704,-15,
4705,-13,
4706,-18,
4707,-18,
4708,-13,
4709,-14,
4710,-13,
4711,-17,
4712,-17,
4713,-13,
4714,-15,
4715,-15,
4716,-21,
4717,-15,
4718,-15,
4719,-16,
4720,-14,
4721,-15,
4722,-12,
4723,-17,
4724,-8,
4725,-12,
4726,-19,
4727,-14,
4728,-11,
4729,-14,
4730,-6,
4731,-15,
4732,-8,
4733,-16,
4734,-14,
4735,-12,
4736,-15,
4737,-18,
4738,-15,
4739,-10,
4740,-9,
4741,-11,
4742,-14,
4743,-17,
4744,-15,
4745,-6,
4746,-13,
4747,-16,
4748,-17,
4749,-13,
4750,-19,
4751,-12,
4752,-19,
4753,-7,
4754,-10,
4755,-8,
4756,-14,
4757,-9,
4758,-19,
4759,-14,
4760,1,
4761,-13,
4762,-8,
4763,-15,
4764,-10,
4765,-9,
4766,-15,
4767,-8,
4768,-17,
4769,-3,
4770,-13,
4771,-16,
4772,-10,
4773,-10,
4774,-15,
4775,-17,
4776,-16,
4777,-17,
4778,-6,
4779,-18,
4780,-10,
4781,-10,
4782,-9,
4783,-8,
4784,-16,
4785,-17,
4786,-20,
4787,-12,
4788,-15,
4789,-12,
4790,-11,
4791,-14,
4792,-9,
4793,-7,
4794,-17,
4795,-9,
4796,-13,
4797,-14,
4798,-13,
4799,-16,
4800,-10,
4801,-13,
4802,-19,
4803,-13,
4804,-12,
4805,-16,
4806,-16,
4807,-14,
4808,-10,
4809,-16,
4810,-11,
4811,-17,
4812,-15,
4813,-17,
4814,-10,
4815,-9,
4816,-7,
4817,-15,
4818,-5,
4819,-17,
4820,-12,
4821,-17,
4822,-16,
4823,-15,
4824,-15,
4825,-16,
4826,-14,
4827,-12,
4828,-18,
4829,-10,
4830,-10,
4831,-7,
4832,-13,
4833,-10,
4834,-15,
4835,-12,
4836,-10,
4837,-19,
4838,-8,
4839,-17,
4840,-13,
4841,-15,
4842,-14,
4843,-14,
4844,-13,
4845,-15,
4846,-14,
4847,-15,
4848,-9,
4849,-13,
4850,-16,
4851,-16,
4852,-17,
4853,-14,
4854,-10,
4855,-13,
4856,-13,
4857,-17,
4858,-15,
4859,-17,
4860,-13,
4861,-18,
4862,-8,
4863,-11,
4864,-15,
4865,-12,
4866,-12,
4867,-17,
4868,-13,
4869,-15,
4870,-1,
4871,-3,
4872,-11,
4873,-9,
4874,-14,
4875,-14,
4876,-15,
4877,-14,
4878,-11,
4879,-20,
4880,-8,
4881,-13,
4882,-18,
4883,-13,
4884,-17,
4885,-14,
4886,-2,
4887,-15,
4888,-18,
4889,-8,
4890,-6,
4891,-15,
4892,-14,
4893,-17,
4894,-16,
4895,-13,
4896,-13,
4897,-7,
4898,-9,
4899,-14,
4900,-15,
4901,-16,
4902,-7,
4903,-14,
4904,-16,
4905,-9,
4906,-17,
4907,-13,
4908,-11,
4909,-14,
4910,-12,
4911,-13,
4912,-17,
4913,-19,
4914,-17,
4915,-16,
4916,-13,
4917,-14,
4918,-16,
4919,-19,
4920,-9,
4921,-15,
4922,-14,
4923,-15,
4924,-16,
4925,-13,
4926,-12,
4927,-6,
4928,-17,
4929,-6,
4930,-18,
4931,-15,
4932,-10,
4933,-16,
4934,-6,
4935,-13,
4936,-17,
4937,-12,
4938,-14,
4939,-7,
4940,-13,
4941,-16,
4942,-13,
4943,-12,
4944,-9,
4945,-17,
4946,-16,
4947,-16,
4948,-6,
4949,-14,
4950,-8,
4951,-15,
4952,-13,
4953,-13,
4954,-10,
4955,-13,
4956,-15,
4957,-16,
4958,-10,
4959,-12,
4960,-12,
4961,-15,
4962,-17,
4963,-14,
4964,-12,
4965,-15,
4966,-10,
4967,-18,
4968,-7,
4969,-11,
4970,-14,
4971,-12,
4972,-14,
4973,-8,
4974,-14,
4975,-13,
4976,-11,
4977,-12,
4978,-13,
4979,-18,
4980,-15,
4981,-14,
4982,-16,
4983,-13,
4984,-7,
4985,-14,
4986,-14,
4987,-13,
4988,-11,
4989,-15,
4990,-17,
4991,-7,
4992,-9,
4993,-14,
4994,-17,
4995,-15,
4996,-9,
4997,-13,
4998,-15,
4999,-6,
5000,-10,
5001,-11,
5002,-12,
5003,-15,
5004,-14,
5005,-15,
5006,-18,
5007,-11,
5008,-17,
5009,-12,
5010,-7,
5011,-17,
5012,-19,
5013,-14,
5014,-15,
5015,-14,
5016,-8,
5017,-9,
5018,-15,
5019,-9,
5020,-12,
5021,-13,
5022,-6,
5023,-16,
5024,-13,
5025,-12,
5026,-17,
5027,-13,
5028,-16,
5029,-16,
5030,-9,
5031,-14,
5032,-11,
5033,-17,
5034,-13,
5035,-9,
5036,-5,
5037,-16,
5038,-17,
5039,-12,
5040,-9,
5041,-13,
5042,-11,
5043,-8,
5044,-10,
5045,-16,
5046,-12,
5047,-12,
5048,-11,
5049,-10,
5050,-11,
5051,-12,
5052,-17,
5053,-11,
5054,-11,
5055,-13,
5056,-15,
5057,-12,
5058,-18,
5059,-13,
5060,-9,
5061,-11,
5062,-14,
5063,-15,
5064,-10,
5065,-13,
5066,-15,
5067,-7,
5068,-13,
5069,-9,
5070,-17,
5071,-15,
5072,-16,
5073,-8,
5074,-14,
5075,-7,
5076,-14,
5077,-14,
5078,-15,
5079,-15,
5080,-5,
5081,-10,
5082,-15,
5083,-14,
5084,-5,
5085,-13,
5086,-16,
5087,-15,
5088,-12,
5089,-15,
5090,-7,
5091,-18,
5092,-11,
5093,-10,
5094,-9,
5095,-8,
5096,-14,
5097,-8,
5098,-9,
5099,-8,
5100,-15,
5101,-18,
5102,-10,
5103,-16,
5104,-13,
5105,-15,
5106,-17,
5107,-13,
5108,-17,
5109,-11,
5110,-17,
5111,-9,
5112,-10,
5113,-15,
5114,-8,
5115,-14,
5116,-13,
5117,-16,
5118,-16,
5119,-17,
5120,-13,
5121,-16,
5122,-7,
5123,-19,
5124,-4,
5125,-11,
5126,-14,
5127,-16,
5128,-9,
5129,-7,
5130,-17,
5131,-14,
5132,-14,
5133,-15,
5134,-11,
5135,-7,
5136,-13,
5137,-7,
5138,-18,
5139,-8,
5140,-14,
5141,-3,
5142,-10,
5143,-13,
5144,-21,
5145,-17,
5146,-10,
5147,-12,
5148,-17,
5149,-11,
5150,-10,
5151,-11,
5152,-13,
5153,-17,
5154,-17,
5155,-16,
5156,-19,
5157,-6,
5158,-3,
5159,-13,
5160,-16,
5161,-13,
5162,-11,
5163,-2,
5164,-16,
5165,-15,
5166,1,
5167,-16,
5168,-12,
5169,-19,
5170,-9,
5171,-9,
5172,-15,
5173,-12,
5174,-13,
5175,-12,
5176,-14,
5177,-15,
5178,-10,
5179,-15,
5180,-15,
5181,-13,
5182,-15,
5183,-11,
5184,-14,
5185,-14,
5186,-15,
5187,-14,
5188,-10,
5189,-9,
5190,-17,
5191,-14,
5192,-13,
5193,-13,
5194,-10,
5195,-15,
5196,-5,
5197,-10,
5198,-11,
5199,-11,
5200,-11,
5201,-12,
5202,-9,
5203,-19,
5204,-16,
5205,-15,
5206,-18,
5207,-19,
5208,-18,
5209,-8,
5210,-12,
5211,-17,
5212,-10,
5213,-13,
5214,-14,
5215,-15,
5216,-9,
5217,-16,
5218,-9,
5219,-9,
5220,-9,
5221,-15,
5222,-15,
5223,-11,
5224,-13,
5225,-12,
5226,-14,
5227,-12,
5228,-9,
5229,-12,
5230,-11,
5231,-12,
5232,-13,
5233,-12,
5234,-14,
5235,-17,
5236,-10,
5237,-18,
5238,-12,
5239,-11,
5240,-9,
5241,-16,
5242,-10,
5243,-15,
5244,-13,
5245,-8,
5246,-13,
5247,-11,
5248,-11,
5249,-13,
5250,-7,
5251,-13,
5252,-11,
5253,-19,
5254,-14,
5255,-15,
5256,-9,
5257,-5,
5258,-2,
5259,-14,
5260,-14,
5261,-7,
5262,-16,
5263,-11,
5264,-13,
5265,-14,
5266,-4,
5267,-17,
5268,-9,
5269,-13,
5270,-13,
5271,-15,
5272,-19,
5273,-14,
5274,-8,
5275,-4,
5276,-19,
5277,-16,
5278,-12,
5279,-14,
5280,-9,
5281,-14,
5282,-17,
5283,-16,
5284,-13,
5285,-19,
5286,-9,
5287,-19,
5288,-16,
5289,-19,
5290,-13,
5291,-11,
5292,-9,
5293,-12,
5294,-13,
5295,-14,
5296,-2,
5297,-14,
5298,-11,
5299,-17,
5300,-4,
5301,-14,
5302,-12,
5303,-11,
5304,-15,
5305,-10,
5306,-15,
5307,-16,
5308,-16,
5309,-14,
5310,-10,
5311,-17,
5312,-16,
5313,-4,
5314,-17,
5315,-5,
5316,-12,
5317,-13,
5318,-14,
5319,-13,
5320,-7,
5321,-15,
5322,-13,
5323,-17,
5324,-9,
5325,-12,
5326,-13,
5327,-14,
5328,-7,
5329,-17,
5330,-17,
5331,-15,
5332,-13,
5333,-11,
5334,-10,
5335,-12,
5336,-14,
5337,-18,
5338,-9,
5339,-8,
5340,-11,
5341,-15,
5342,-15,
5343,-13,
5344,-14,
5345,-12,
5346,-14,
5347,-13,
5348,-17,
5349,-13,
5350,-9,
5351,-11,
5352,-14,
5353,-14,
5354,-3,
5355,-11,
5356,-18,
5357,-14,
5358,-14,
5359,-6,
5360,-10,
5361,-17,
5362,-10,
5363,-14,
5364,-9,
5365,-15,
5366,-7,
5367,-17,
5368,-17,
5369,-8,
5370,-13,
5371,-11,
5372,-15,
5373,-9,
5374,-10,
5375,-12,
5376,-14,
5377,-9,
5378,-9,
5379,-11,
5380,-15,
5381,-7,
5382,-7,
5383,-13,
5384,-13,
5385,-7,
5386,-12,
5387,-9,
5388,-17,
5389,-7,
5390,-15,
5391,-12,
5392,-13,
5393,-18,
5394,-5,
5395,-20,
5396,-13,
5397,-12,
5398,-7,
5399,-14,
5400,-15,
5401,-13,
5402,-15,
5403,-10,
5404,-13,
5405,-14,
5406,-14,
5407,-5,
5408,-10,
5409,-13,
5410,-13,
5411,-15,
5412,-16,
5413,-11,
5414,-9,
5415,-11,
5416,-10,
5417,-18,
5418,-7,
5419,-9,
5420,-12,
5421,-14,
5422,-14,
5423,-10,
5424,-19,
5425,-16,
5426,-15,
5427,-12,
5428,-11,
5429,-12,
5430,-16,
5431,-14,
5432,-12,
5433,-5,
5434,-21,
5435,-9,
5436,-4,
5437,-11,
5438,-16,
5439,-15,
5440,-7,
5441,-11,
5442,-7,
5443,-15,
5444,-13,
5445,-13,
5446,-9,
5447,-9,
5448,-14,
5449,-4,
5450,-15,
5451,-13,
5452,-15,
5453,-15,
5454,-11,
5455,-18,
5456,-15,
5457,-12,
5458,-9,
5459,-7,
5460,-11,
5461,-15,
5462,-9,
5463,-11,
5464,-7,
5465,-17,
5466,-12,
5467,-10,
5468,3,
5469,-13,
5470,-3,
5471,-11,
5472,-12,
5473,-16,
5474,-9,
5475,-10,
5476,-14,
5477,-19,
5478,-14,
5479,-13,
5480,-10,
5481,-16,
5482,-15,
5483,-11,
5484,-14,
5485,-13,
5486,-12,
5487,-13,
5488,-14,
5489,-11,
5490,-15,
5491,-11,
5492,-16,
5493,-14,
5494,-14,
5495,-13,
5496,-9,
5497,-17,
5498,-10,
5499,-15,
5500,-9,
5501,-9,
5502,-11,
5503,-15,
5504,-12,
5505,-9,
5506,-15,
5507,-8,
5508,-12,
5509,-11,
5510,-16,
5511,-15,
5512,-16,
5513,-14,
5514,-11,
5515,-12,
5516,-17,
5517,-6,
5518,-12,
5519,-15,
5520,-14,
5521,-12,
5522,-7,
5523,-11,
5524,-10,
5525,-13,
5526,-11,
5527,-14,
5528,-9,
5529,-10,
5530,-16,
5531,-8,
5532,-13,
5533,-9,
5534,-5,
5535,-9,
5536,-9,
5537,-9,
5538,-15,
5539,-19,
5540,-13,
5541,-15,
5542,-5,
5543,-15,
5544,-12,
5545,-10,
5546,-15,
5547,-13,
5548,-13,
5549,-13,
5550,-18,
5551,-14,
5552,-7,
5553,-12,
5554,-15,
5555,-10,
5556,-14,
5557,-16,
5558,-11,
5559,-16,
5560,-9,
5561,-15,
5562,-8,
5563,-10,
5564,-18,
5565,-19,
5566,-17,
5567,-13,
5568,-15,
5569,-10,
5570,-15,
5571,-20,
5572,-18,
5573,-9,
5574,-14,
5575,-1,
5576,-1,
5577,-4,
5578,-13,
5579,-10,
5580,-15,
5581,-7,
5582,-10,
5583,-6,
5584,-11,
5585,-6,
5586,-16,
5587,-9,
5588,-7,
5589,-17,
5590,-11,
5591,-3,
5592,-16,
5593,-9,
5594,-12,
5595,-15,
5596,-11,
5597,-15,
5598,-8,
5599,-7,
5600,-10,
5601,-16,
5602,-7,
5603,-4,
5604,-16,
5605,-16,
5606,-11,
5607,-11,
5608,-13,
5609,-17,
5610,-13,
5611,-10,
5612,-14,
5613,-12,
5614,-13,
5615,-2,
5616,-19,
5617,-9,
5618,-11,
5619,-14,
5620,-6,
5621,-12,
5622,-13,
5623,-9,
5624,-17,
5625,-19,
5626,-16,
5627,-2,
5628,-20,
5629,-12,
5630,-9,
5631,-14,
5632,-13,
5633,-13,
5634,-14,
5635,-14,
5636,-17,
5637,-7,
5638,-9,
5639,-17,
5640,-10,
5641,-12,
5642,-17,
5643,-13,
5644,-13,
5645,-14,
5646,-16,
5647,-10,
5648,-8,
5649,-11,
5650,-17,
5651,-10,
5652,-18,
5653,-16,
5654,-13,
5655,-7,
5656,-11,
5657,-14,
5658,-2,
5659,-14,
5660,-13,
5661,-9,
5662,-15,
5663,-16,
5664,-12,
5665,-13,
5666,-13,
5667,-16,
5668,-10,
5669,-15,
5670,-14,
5671,-12,
5672,-12,
5673,-11,
5674,-15,
5675,2,
5676,-10,
5677,-14,
5678,-13,
5679,-8,
5680,-10,
5681,-13,
5682,-16,
5683,-10,
5684,-11,
5685,-11,
5686,-12,
5687,-13,
5688,-7,
5689,-5,
5690,-19,
5691,-18,
5692,-13,
5693,-9,
5694,-5,
5695,-14,
5696,-16,
5697,-17,
5698,-12,
5699,-15,
5700,-18,
5701,-20,
5702,-13,
5703,-4,
5704,-18,
5705,-12,
5706,-12,
5707,-11,
5708,-17,
5709,-7,
5710,-11,
5711,-13,
5712,-11,
5713,-16,
5714,-10,
5715,-17,
5716,-17,
5717,-5,
5718,-9,
5719,-9,
5720,-7,
5721,-13,
5722,-15,
5723,-7,
5724,-14,
5725,-17,
5726,-11,
5727,-14,
5728,-14,
5729,-9,
5730,-14,
5731,-16,
5732,-14,
5733,-9,
5734,-10,
5735,-7,
5736,-15,
5737,-11,
5738,-8,
5739,-7,
5740,-14,
5741,-8,
5742,-3,
5743,-10,
5744,-11,
5745,-12,
5746,-13,
5747,-19,
5748,-11,
5749,-13,
5750,-6,
5751,-9,
5752,-10,
5753,-4,
5754,-14,
5755,-18,
5756,-13,
5757,-11,
5758,-10,
5759,-14,
5760,-12,
5761,-12,
5762,-14,
5763,-9,
5764,-13,
5765,-7,
5766,-11,
5767,-14,
5768,-12,
5769,-10,
5770,-16,
5771,-8,
5772,-17,
5773,-6,
5774,-13,
5775,-11,
5776,-11,
5777,-17,
5778,-9,
5779,-14,
5780,-16,
5781,-11,
5782,-13,
5783,-18,
5784,-10,
5785,-15,
5786,-16,
5787,-8,
5788,-7,
5789,-11,
5790,-11,
5791,-9,
5792,-16,
5793,-7,
5794,-13,
5795,-11,
5796,-13,
5797,-3,
5798,-10,
5799,-10,
5800,-12,
5801,-14,
5802,-14,
5803,-14,
5804,-10,
5805,-7,
5806,-17,
5807,-8,
5808,-8,
5809,-14,
5810,-9,
5811,-11,
5812,-14,
5813,-11,
5814,-14,
5815,-8,
5816,-11,
5817,-3,
5818,-13,
5819,-8,
5820,-10,
5821,-11,
5822,-12,
5823,-7,
5824,-5,
5825,-12,
5826,-18,
5827,-8,
5828,-11,
5829,-19,
5830,-12,
5831,-9,
5832,-5,
5833,-13,
5834,-16,
5835,-13,
5836,-18,
5837,-12,
5838,-8,
5839,-8,
5840,-14,
5841,-15,
5842,-5,
5843,-12,
5844,-9,
5845,-13,
5846,-9,
5847,-8,
5848,-10,
5849,-9,
5850,-6,
5851,-13,
5852,-4,
5853,-13,
5854,-11,
5855,-10,
5856,-9,
5857,-17,
5858,-14,
5859,-13,
5860,-11,
5861,-18,
5862,-9,
5863,-15,
5864,-13,
5865,-6,
5866,-14,
5867,-14,
5868,-13,
5869,-11,
5870,-11,
5871,-17,
5872,-18,
5873,-13,
5874,-13,
5875,-8,
5876,-12,
5877,-18,
5878,-17,
5879,-13,
5880,-6,
5881,-14,
5882,-15,
5883,-14,
5884,-3,
5885,-6,
5886,-14,
5887,-13,
5888,-12,
5889,-17,
5890,-10,
5891,-18,
5892,-18,
5893,-11,
5894,-9,
5895,-6,
5896,-1,
5897,-13,
5898,-18,
5899,-16,
5900,-17,
5901,-10,
5902,-19,
5903,-15,
5904,-18,
5905,-11,
5906,-13,
5907,-9,
5908,-13,
5909,-13,
5910,-6,
5911,-19,
5912,-16,
5913,-8,
5914,-15,
5915,-18,
5916,-11,
5917,-11,
5918,-13,
5919,-11,
5920,-16,
5921,-6,
5922,-8,
5923,-11,
5924,-14,
5925,-7,
5926,-6,
5927,-15,
5928,-13,
5929,-4,
5930,-16,
5931,-10,
5932,-18,
5933,-16,
5934,-6,
5935,-14,
5936,-13,
5937,-11,
5938,-10,
5939,-16,
5940,-4,
5941,-10,
5942,-7,
5943,-6,
5944,-9,
5945,-10,
5946,-17,
5947,-14,
5948,-8,
5949,-12,
5950,-3,
5951,-11,
5952,-14,
5953,-10,
5954,-11,
5955,-12,
5956,-14,
5957,-14,
5958,-3,
5959,-11,
5960,-15,
5961,-9,
5962,-9,
5963,-13,
5964,-10,
5965,-18,
5966,-11,
5967,-13,
5968,-13,
5969,-12,
5970,-12,
5971,-17,
5972,-16,
5973,-17,
5974,-9,
5975,-12,
5976,-4,
5977,-14,
5978,-17,
5979,-6,
5980,-17,
5981,-9,
5982,-12,
5983,-13,
5984,-9,
5985,-11,
5986,-6,
5987,-8,
5988,-15,
5989,-13,
5990,-12,
5991,-7,
5992,-14,
5993,-16,
5994,4,
5995,-16,
5996,-15,
5997,-13,
5998,-13,
5999,-17,
6000,-11,
6001,-12,
6002,-16,
6003,-9,
6004,-15,
6005,-19,
6006,-16,
6007,-13,
6008,-1,
6009,-10,
6010,-11,
6011,-12,
6012,-9,
6013,-12,
6014,-11,
6015,-17,
6016,-15,
6017,-15,
6018,-12,
6019,-10,
6020,-12,
6021,-11,
6022,-15,
6023,-13,
6024,-3,
6025,-10,
6026,-9,
6027,-17,
6028,-9,
6029,-11,
6030,-8,
6031,-13,
6032,-18,
6033,-14,
6034,-11,
6035,-15,
6036,-16,
6037,-12,
6038,-10,
6039,-4,
6040,-8,
6041,-13,
6042,-8,
6043,-11,
6044,-12,
6045,-6,
6046,-14,
6047,-9,
6048,-13,
6049,-16,
6050,-17,
6051,-14,
6052,-11,
6053,-9,
6054,-6,
6055,-18,
6056,-12,
6057,-13,
6058,-4,
6059,-19,
6060,-15,
6061,-15,
6062,-4,
6063,-8,
6064,-8,
6065,-7,
6066,-14,
6067,-9,
6068,-5,
6069,-19,
6070,-11,
6071,-15,
6072,-10,
6073,-12,
6074,-11,
6075,-11,
6076,-6,
6077,-6,
6078,-17,
6079,6,
6080,-13,
6081,-9,
6082,-16,
6083,-8,
6084,-12,
6085,-8,
6086,-17,
6087,-14,
6088,-9,
6089,-11,
6090,-13,
6091,-16,
6092,-17,
6093,-9,
6094,-11,
6095,-13,
6096,-9,
6097,-14,
6098,-15,
6099,-10,
6100,-18,
6101,-19,
6102,-15,
6103,-13,
6104,-12,
6105,-17,
6106,-9,
6107,-10,
6108,-11,
6109,-16,
6110,-9,
6111,-17,
6112,-2,
6113,-9,
6114,-9,
6115,-5,
6116,-11,
6117,-17,
6118,-14,
6119,-13,
6120,-6,
6121,-5,
6122,-3,
6123,-9,
6124,-6,
6125,-12,
6126,-16,
6127,-11,
6128,-13,
6129,2,
6130,-11,
6131,-5,
6132,-11,
6133,-16,
6134,-3,
6135,-11,
6136,-13,
6137,-13,
6138,-7,
6139,-10,
6140,-13,
6141,-16,
6142,-13,
6143,-15,
6144,-14,
6145,-14,
6146,-13,
6147,-16,
6148,-13,
6149,-10,
6150,-13,
6151,-10,
6152,-8,
6153,-15,
6154,-9,
6155,-5,
6156,-13,
6157,-11,
6158,-13,
6159,-14,
6160,-13,
6161,-15,
6162,-15,
6163,-16,
6164,-4,
6165,-11,
6166,-10,
6167,-10,
6168,-8,
6169,-17,
6170,-13,
6171,-11,
6172,-15,
6173,-8,
6174,-15,
6175,-17,
6176,-16,
6177,-15,
6178,-10,
6179,-14,
6180,-14,
6181,-15,
6182,-13,
6183,-12,
6184,-13,
6185,-5,
6186,-16,
6187,-11,
6188,-13,
6189,-9,
6190,-17,
6191,-13,
6192,-4,
6193,-15,
6194,-10,
6195,-15,
6196,-11,
6197,-14,
6198,-14,
6199,-10,
6200,-7,
